State_id,City,State
0,New York,NY
1,New York,NY
2,Florham Park,NJ
3,Franklin Lakes,NJ
4,New York,NY
5,Lyndhurst,NJ
6,New York,NY
7,Jersey City,NJ
8,New York,NY
9,New York,NY
10,Newark,NJ
11,New York,NY
12,New York,NY
13,Brooklyn,NY
14,New York,NY
15,Hackensack,NJ
16,New York,NY
17,New York,NY
18,New York,NY
19,New York,NY
20,New York,NY
21,New York,NY
22,New York,NY
23,New York,NY
24,New York,NY
25,New York,NY
26,New York,NY
27,New York,NY
28,Jersey City,NJ
29,New York,NY
30,New York,NY
31,New York,NY
32,Jersey City,NJ
33,New York,NY
34,New York,NY
35,New York,NY
36,New York,NY
37,New York,NY
38,New York,NY
39,New York,NY
40,Iselin,NJ
41,New York,NY
42,Whippany,NJ
43,New York,NY
44,New York,NY
45,New York,NY
46,New York,NY
47,New York,NY
48,New York,NY
49,New York,NY
50,New York,NY
51,Hoboken,NJ
52,New York,NY
53,New York,NY
54,New York,NY
55,New York,NY
56,Weehawken,NJ
57,New York,NY
58,New York,NY
59,New York,NY
60,Moonachie,NJ
61,New York,NY
62,New York,NY
63,Franklin Lakes,NJ
64,New York,NY
65,New York,NY
66,Jersey City,NJ
67,Jersey City,NJ
68,New York,NY
69,New York,NY
70,New York,NY
71,New York,NY
72,Weehawken,NJ
73,New York,NY
74,New York,NY
75,Jersey City,NJ
76,New York,NY
77,New York,NY
78,Jersey City,NJ
79,New York,NY
80,New York,NY
81,New York,NY
82,New York,NY
83,New York,NY
84,New York,NY
85,New York,NY
86,New York,NY
87,New York,NY
88,New York,NY
89,New York,NY
90,Jersey City,NJ
91,New York,NY
92,New York,NY
93,New York,NY
94,New York,NY
95,New York,NY
96,New York,NY
97,Hoboken,NJ
98,New York,NY
99,New York,NY
100,New York,NY
101,New York,NY
102,New York,NY
103,New York,NY
104,New York,NY
105,Jersey City,NJ
106,New York,NY
107,New York,NY
108,Iselin,NJ
109,New York,NY
110,Teaneck,NJ
111,New York,NY
112,New York,NY
113,New York,NY
114,New York,NY
115,New York,NY
116,New York,NY
117,New York,NY
118,New York,NY
119,New York,NY
120,New York,NY
121,New York,NY
122,Jersey City,NJ
123,New York,NY
124,New York,NY
125,New York,NY
126,New York,NY
127,New York,NY
128,New York,NY
129,Newark,NJ
130,New York,NY
131,New York,NY
132,New York,NY
133,New York,NY
134,Newark,NJ
135,Jersey City,NJ
136,New York,NY
137,New York,NY
138,New York,NY
139,Hoboken,NJ
140,New York,NY
141,New York,NY
142,New York,NY
143,New York,NY
144,Weehawken,NJ
145,Rego Park,NY
146,New York,NY
147,New York,NY
148,Whippany,NJ
149,New York,NY
150,New York,NY
151,New York,NY
152,New York,NY
153,Newark,NJ
154,New York,NY
155,Newark,NJ
156,New York,NY
157,New York,NY
158,New York,NY
159,New York,NY
160,Paramus,NJ
161,New York,NY
162,New York,NY
163,New York,NY
164,New York,NY
165,New York,NY
166,New York,NY
167,New York,NY
168,New York,NY
169,New York,NY
170,New York,NY
171,Hoboken,NJ
172,New York,NY
173,New York,NY
174,Livingston,NJ
175,New York,NY
176,New York,NY
177,Brooklyn,NY
178,New York,NY
179,Brooklyn,NY
180,Jersey City,NJ
181,New York,NY
182,New York,NY
183,New York,NY
184,New York,NY
185,New York,NY
186,New York,NY
187,New York,NY
188,New York,NY
189,Newark,NJ
190,New York,NY
191,Secaucus,NJ
192,Jersey City,NJ
193,New York,NY
194,South Plainfield,NJ
195,New York,NY
196,Brooklyn,NY
197,New York,NY
198,New York,NY
199,New York,NY
200,Madison,NJ
201,Iselin,NJ
202,New York,NY
203,Brooklyn,NY
204,Jersey City,NJ
205,New York,NY
206,Newark,NJ
207,New York,NY
208,Brooklyn,NY
209,New York,NY
210,New York,NY
211,New York,NY
212,New York,NY
213,New York,NY
214,New York,NY
215,New York,NY
216,New York,NY
217,New York,NY
218,Secaucus,NJ
219,Ridgefield Park,NJ
220,New York,NY
221,Harrison,NJ
222,Madison,NJ
223,New York,NY
224,Lake Hiawatha,NJ
225,Woodbridge,NJ
226,Newark,NJ
227,Union,NJ
228,New York,NY
229,New York,NY
230,New York,NY
231,New York,NY
232,New York,NY
233,New York,NY
234,Summit,NJ
235,New York,NY
236,New York,NY
237,New York,NY
238,New York,NY
239,Whippany,NJ
240,New York,NY
241,New York,NY
242,New York,NY
243,New York,NY
244,New York,NY
245,Rutherford,NJ
246,New York,NY
247,New York,NY
248,New York,NY
249,New York,NY
250,New York,NY
251,New York,NY
252,New York,NY
253,New York,NY
254,New York,NY
255,New York,NY
256,New York,NY
257,New York,NY
258,New York,NY
259,Newark,NJ
260,New York,NY
261,Brooklyn,NY
262,New York,NY
263,New York,NY
264,New York,NY
265,New York,NY
266,New York,NY
267,New York,NY
268,New York,NY
269,New York,NY
270,Newark,NJ
271,Jersey City,NJ
272,New York,NY
273,New York,NY
274,New York,NY
275,Newark,NJ
276,New York,NY
277,New York,NY
278,New York,NY
279,New York,NY
280,New York,NY
281,New York,NY
282,New York,NY
283,New York,NY
284,New York,NY
285,New York,NY
286,New York,NY
287,Matawan,NJ
288,New York,NY
289,New York,NY
290,New York,NY
291,New York,NY
292,New York,NY
293,New York,NY
294,Woodbridge,NJ
295,New York,NY
296,New York,NY
297,New York,NY
298,New York,NY
299,New York,NY
300,New York,NY
301,Florham Park,NJ
302,New York,NY
303,New York,NY
304,New York,NY
305,New York,NY
306,Woodbridge,NJ
307,New York,NY
308,New York,NY
309,New York,NY
310,New York,NY
311,New York,NY
312,New York,NY
313,New York,NY
314,New York,NY
315,New York,NY
316,New York,NY
317,New York,NY
318,New York,NY
319,Wilmington,CA
320,Los Angeles,CA
321,Santa Monica,CA
322,El Segundo,CA
323,Glendale,CA
324,Long Beach,CA
325,Commerce,CA
326,Hollywood,CA
327,El Segundo,CA
328,El Segundo,CA
329,Los Angeles,CA
330,Los Angeles,CA
331,Los Angeles,CA
332,Los Angeles,CA
333,West Covina,CA
334,Los Angeles,CA
335,Los Angeles,CA
336,Los Angeles,CA
337,Los Angeles,CA
338,Inglewood,CA
339,El Segundo,CA
340,Los Angeles,CA
341,Calabasas,CA
342,Anaheim,CA
343,Los Angeles,CA
344,Los Angeles,CA
345,Brea,CA
346,Los Angeles,CA
347,El Segundo,CA
348,Marina del Rey,CA
349,Los Angeles,CA
350,Los Angeles,CA
351,Los Angeles,CA
352,Burbank,CA
353,Los Angeles,CA
354,Rosemead,CA
355,Los Angeles,CA
356,Los Angeles,CA
357,Long Beach,CA
358,Los Angeles,CA
359,Los Angeles,CA
360,Cerritos,CA
361,Pasadena,CA
362,Torrance,CA
363,Los Angeles,CA
364,Pasadena,CA
365,Westminster,CA
366,Los Angeles,CA
367,Los Angeles,CA
368,Pasadena,CA
369,Torrance,CA
370,El Monte,CA
371,Burbank,CA
372,Los Angeles,CA
373,Torrance,CA
374,Monterey Park,CA
375,Hawthorne,CA
376,Beverly Hills,CA
377,Culver City,CA
378,Los Angeles,CA
379,Burbank,CA
380,Los Angeles,CA
381,Brea,CA
382,Irwindale,CA
383,Signal Hill,CA
384,Los Angeles,CA
385,Los Angeles,CA
386,Monterey Park,CA
387,Los Angeles,CA
388,Los Angeles,CA
389,Culver City,CA
390,Culver City,CA
391,Los Angeles,CA
392,Los Angeles,CA
393,Torrance,CA
394,Culver City,CA
395,Los Angeles,CA
396,Los Angeles,CA
397,Redondo Beach,CA
398,Gardena,CA
399,Los Angeles,CA
400,Los Angeles,CA
401,Glendale,CA
402,City of Industry,CA
403,Commerce,CA
404,Culver City,CA
405,Burbank,CA
406,Los Angeles,CA
407,Torrance,CA
408,Bell,CA
409,Rosemead,CA
410,Los Angeles,CA
411,Calabasas,CA
412,Pasadena,CA
413,Los Angeles,CA
414,Los Angeles,CA
415,Burbank,CA
416,Los Angeles,CA
417,Los Angeles,CA
418,Alhambra,CA
419,Los Angeles,CA
420,Manhattan Beach,CA
421,Los Angeles,CA
422,Commerce,CA
423,Pasadena,CA
424,El Segundo,CA
425,Burbank,CA
426,Rosemead,CA
427,Rosemead,CA
428,Los Angeles,CA
429,La Palma,CA
430,Calabasas,CA
431,Los Angeles,CA
432,Los Angeles,CA
433,Los Angeles,CA
434,Burbank,CA
435,Los Angeles,CA
436,Los Angeles,CA
437,Los Angeles,CA
438,City of Industry,CA
439,El Segundo,CA
440,Los Angeles,CA
441,Los Angeles,CA
442,Burbank,CA
443,Los Angeles,CA
444,Monterey Park,CA
445,Signal Hill,CA
446,Cerritos,CA
447,Los Angeles,CA
448,Culver City,CA
449,Burbank,CA
450,Los Angeles,CA
451,Los Angeles,CA
452,Los Angeles,CA
453,Burbank,CA
454,Sylmar,CA
455,El Segundo,CA
456,Los Angeles,CA
457,Long Beach,CA
458,Los Angeles,CA
459,Burbank,CA
460,Fullerton,CA
461,Santa Monica,CA
462,Buena Park,CA
463,Los Angeles,CA
464,El Segundo,CA
465,La Mirada,CA
466,Wilmington,CA
467,Whittier,CA
468,Los Angeles,CA
469,Los Angeles,CA
470,Duarte,CA
471,Los Angeles,CA
472,El Segundo,CA
473,Los Angeles,CA
474,Santa Fe Springs,CA
475,Los Angeles,CA
476,Pasadena,CA
477,Los Angeles,CA
478,Los Angeles,CA
479,Long Beach,CA
480,Los Angeles,CA
481,Burbank,CA
482,Woodland Hills,CA
483,Los Angeles,CA
484,Los Angeles,CA
485,Culver City,CA
486,Torrance,CA
487,El Segundo,CA
488,Los Angeles,CA
489,Pasadena,CA
490,Hawthorne,CA
491,Los Angeles,CA
492,Los Angeles,CA
493,Los Angeles,CA
494,Brea,CA
495,Los Angeles,CA
496,El Segundo,CA
497,Alhambra,CA
498,Los Angeles,CA
499,Culver City,CA
500,Los Angeles,CA
501,Los Angeles,CA
502,Artesia,CA
503,Los Angeles,CA
504,Los Angeles,CA
505,Los Angeles,CA
506,Los Angeles,CA
507,Santa Monica,CA
508,Los Angeles,CA
509,Los Angeles,CA
510,Los Angeles,CA
511,Burbank,CA
512,Burbank,CA
513,Pasadena,CA
514,Burbank,CA
515,Los Angeles,CA
516,Los Angeles,CA
517,Los Angeles,CA
518,West Hills,CA
519,Los Angeles,CA
520,Woodland Hills,CA
521,Brea,CA
522,Los Angeles,CA
523,Seal Beach,CA
524,Long Beach,CA
525,South Gate,CA
526,Los Angeles,CA
527,Los Angeles,CA
528,Los Angeles,CA
529,El Segundo,CA
530,El Segundo,CA
531,Commerce,CA
532,North Hollywood,CA
533,Los Angeles,CA
534,West Hills,CA
535,Glendale,CA
536,Los Angeles,CA
537,Los Angeles,CA
538,Los Angeles,CA
539,Santa Monica,CA
540,El Segundo,CA
541,Los Angeles,CA
542,Los Angeles,CA
543,Los Angeles,CA
544,Los Angeles,CA
545,Culver City,CA
546,Los Angeles,CA
547,North Hollywood,CA
548,Burbank,CA
549,Los Angeles,CA
550,Los Angeles,CA
551,Burbank,CA
552,Los Angeles,CA
553,Santa Monica,CA
554,Los Angeles,CA
555,Sun Valley,CA
556,Los Angeles,CA
557,Los Angeles,CA
558,Placentia,CA
559,El Segundo,CA
560,Los Angeles,CA
561,Rossmoor,CA
562,Glendale,CA
563,Los Angeles,CA
564,Alhambra,CA
565,Los Angeles,CA
566,Los Angeles,CA
567,Los Angeles,CA
568,Los Angeles,CA
569,Los Angeles,CA
570,Los Angeles,CA
571,Los Angeles,CA
572,Glendale,CA
573,Los Angeles,CA
574,Burbank,CA
575,Los Angeles,CA
576,Los Angeles,CA
577,Los Angeles,CA
578,Cerritos,CA
579,Los Angeles,CA
580,Buena Park,CA
581,Los Angeles,CA
582,Glendale,CA
583,Los Angeles,CA
584,Los Angeles,CA
585,Duarte,CA
586,Los Angeles,CA
587,Los Angeles,CA
588,Los Angeles,CA
589,Los Angeles,CA
590,Burbank,CA
591,El Segundo,CA
592,Los Angeles,CA
593,Santa Monica,CA
594,El Segundo,CA
595,Santa Monica,CA
596,El Segundo,CA
597,Los Angeles,CA
598,Los Angeles,CA
599,Los Angeles,CA
600,Glendale,CA
601,Los Angeles,CA
602,Los Angeles,CA
603,Los Angeles,CA
604,Los Angeles,CA
605,Los Angeles,CA
606,Los Angeles,CA
607,Los Angeles,CA
608,Santa Monica,CA
609,Los Angeles,CA
610,Torrance,CA
611,Los Angeles,CA
612,Los Angeles,CA
613,Los Angeles,CA
614,Los Angeles,CA
615,Los Angeles,CA
616,Gardena,CA
617,Los Angeles,CA
618,El Segundo,CA
619,Downey,CA
620,Los Angeles,CA
621,Brea,CA
622,Gardena,CA
623,Torrance,CA
624,Los Angeles,CA
625,El Segundo,CA
626,Santa Monica,CA
627,Culver City,CA
628,Culver City,CA
629,Los Angeles,CA
630,Los Angeles,CA
631,City of Industry,CA
632,Los Angeles,CA
633,Los Angeles,CA
634,Burbank,CA
635,Burbank,CA
636,Culver City,CA
637,Los Angeles,CA
638,Alhambra,CA
639,Los Angeles,CA
640,Los Angeles,CA
641,Los Angeles,CA
642,Los Angeles,CA
643,Long Beach,CA
644,Los Angeles,CA
645,El Segundo,CA
646,Los Angeles,CA
647,Chicago,IL
648,Chicago,IL
649,Chicago,IL
650,Chicago,IL
651,Chicago,IL
652,Des Plaines,IL
653,Chicago,IL
654,Chicago,IL
655,Chicago,IL
656,Evanston,IL
657,Chicago,IL
658,Chicago,IL
659,Chicago,IL
660,Chicago,IL
661,Chicago,IL
662,Chicago,IL
663,Chicago,IL
664,Chicago,IL
665,Chicago,IL
666,Chicago,IL
667,Chicago,IL
668,Chicago,IL
669,Chicago,IL
670,Chicago,IL
671,Chicago,IL
672,Chicago,IL
673,Evanston,IL
674,Chicago,IL
675,Chicago,IL
676,Chicago,IL
677,Chicago,IL
678,Chicago,IL
679,Chicago,IL
680,Chicago,IL
681,Chicago,IL
682,Chicago,IL
683,Chicago,IL
684,Chicago,IL
685,Downers Grove,IL
686,Chicago,IL
687,Chicago,IL
688,Chicago,IL
689,Chicago,IL
690,Chicago,IL
691,Chicago,IL
692,Chicago,IL
693,Chicago,IL
694,Oak Brook,IL
695,Chicago,IL
696,Northbrook,IL
697,Rosemont,IL
698,Chicago,IL
699,Chicago,IL
700,Chicago,IL
701,Chicago,IL
702,Chicago,IL
703,Chicago,IL
704,Chicago,IL
705,Chicago,IL
706,Chicago,IL
707,Chicago,IL
708,Chicago,IL
709,Oak Brook,IL
710,Chicago,IL
711,Chicago,IL
712,Chicago,IL
713,Chicago,IL
714,Deerfield,IL
715,Chicago,IL
716,Chicago,IL
717,Chicago,IL
718,Chicago,IL
719,Chicago,IL
720,Chicago,IL
721,Bloomingdale,IL
722,Chicago,IL
723,Chicago,IL
724,Chicago,IL
725,Chicago,IL
726,Chicago,IL
727,Chicago,IL
728,Chicago,IL
729,Chicago,IL
730,Chicago,IL
731,Chicago,IL
732,Chicago,IL
733,Chicago,IL
734,Chicago,IL
735,Chicago,IL
736,Chicago,IL
737,Chicago,IL
738,Chicago,IL
739,Alsip,IL
740,Chicago,IL
741,Chicago,IL
742,Chicago,IL
743,Oak Brook,IL
744,Chicago,IL
745,Deerfield,IL
746,Glenview,IL
747,Deerfield,IL
748,Chicago,IL
749,Chicago,IL
750,Chicago,IL
751,Chicago,IL
752,Oak Brook,IL
753,Chicago,IL
754,Chicago,IL
755,Chicago,IL
756,Chicago,IL
757,Chicago,IL
758,Chicago,IL
759,Chicago,IL
760,Bolingbrook,IL
761,Rosemont,IL
762,Rosemont,IL
763,Chicago,IL
764,Chicago,IL
765,Chicago,IL
766,Chicago,IL
767,Chicago,IL
768,Chicago,IL
769,Chicago,IL
770,Chicago,IL
771,Oak Brook,IL
772,Chicago,IL
773,Chicago,IL
774,Chicago,IL
775,Chicago,IL
776,Chicago,IL
777,Chicago,IL
778,Chicago,IL
779,Chicago,IL
780,Elk Grove Village,IL
781,Chicago,IL
782,Chicago,IL
783,Chicago,IL
784,Chicago,IL
785,Chicago,IL
786,Chicago,IL
787,Chicago,IL
788,Chicago,IL
789,Chicago,IL
790,Chicago,IL
791,Chicago,IL
792,Oakbrook Terrace,IL
793,Chicago,IL
794,Chicago,IL
795,Deerfield,IL
796,Chicago,IL
797,Chicago,IL
798,Chicago,IL
799,Chicago,IL
800,Chicago,IL
801,Chicago,IL
802,Chicago,IL
803,Chicago,IL
804,Chicago,IL
805,Chicago,IL
806,Chicago,IL
807,Rolling Meadows,IL
808,Chicago,IL
809,Chicago,IL
810,Chicago,IL
811,Chicago,IL
812,Chicago,IL
813,Chicago,IL
814,Chicago,IL
815,Chicago,IL
816,Deerfield,IL
817,Chicago,IL
818,Chicago,IL
819,Elk Grove Village,IL
820,Deerfield,IL
821,Chicago,IL
822,Chicago,IL
823,Chicago,IL
824,Chicago,IL
825,Chicago,IL
826,Chicago,IL
827,Highland Park,IL
828,Chicago,IL
829,Chicago,IL
830,Downers Grove,IL
831,Des Plaines,IL
832,Rosemont,IL
833,Chicago,IL
834,Chicago,IL
835,Chicago,IL
836,Chicago,IL
837,Chicago,IL
838,Chicago,IL
839,Chicago,IL
840,Itasca,IL
841,Chicago,IL
842,Chicago,IL
843,Chicago,IL
844,Chicago,IL
845,Chicago,IL
846,Downers Grove,IL
847,Chicago,IL
848,Chicago,IL
849,Chicago,IL
850,Lisle,IL
851,Oak Brook,IL
852,Chicago,IL
853,Chicago,IL
854,Chicago,IL
855,Arlington Heights,IL
856,Chicago,IL
857,Chicago,IL
858,Deerfield,IL
859,Deerfield,IL
860,Chicago,IL
861,Chicago,IL
862,Chicago,IL
863,Chicago,IL
864,Des Plaines,IL
865,Elk Grove Village,IL
866,Chicago,IL
867,Chicago,IL
868,Downers Grove,IL
869,Chicago,IL
870,Oakbrook Terrace,IL
871,Arlington Heights,IL
872,Rosemont,IL
873,Deerfield,IL
874,Chicago,IL
875,Chicago,IL
876,Deerfield,IL
877,Chicago,IL
878,Chicago,IL
879,Chicago,IL
880,Chicago,IL
881,Chicago,IL
882,Chicago,IL
883,Northbrook,IL
884,Chicago,IL
885,Chicago,IL
886,Lisle,IL
887,Downers Grove,IL
888,Chicago,IL
889,Chicago,IL
890,Chicago,IL
891,Chicago,IL
892,Chicago,IL
893,Chicago,IL
894,Chicago,IL
895,Chicago,IL
896,Chicago,IL
897,Chicago,IL
898,Chicago,IL
899,Chicago,IL
900,Chicago,IL
901,Lombard,IL
902,Chicago,IL
903,Chicago,IL
904,Chicago,IL
905,Chicago,IL
906,Chicago,IL
907,Chicago,IL
908,Chicago,IL
909,Chicago,IL
910,Oak Brook,IL
911,Chicago,IL
912,Chicago,IL
913,Chicago,IL
914,Chicago,IL
915,Chicago,IL
916,Chicago,IL
917,Chicago,IL
918,Chicago,IL
919,Chicago,IL
920,Chicago,IL
921,Chicago,IL
922,Chicago,IL
923,Chicago,IL
924,Chicago,IL
925,Chicago,IL
926,Chicago,IL
927,Chicago,IL
928,Chicago,IL
929,Chicago,IL
930,Chicago,IL
931,Chicago,IL
932,Chicago,IL
933,Chicago,IL
934,Woodridge,IL
935,Chicago,IL
936,Chicago,IL
937,Chicago,IL
938,Chicago,IL
939,Stickney,IL
940,Broadview,IL
941,Chicago,IL
942,Chicago,IL
943,Chicago,IL
944,Chicago,IL
945,Chicago,IL
946,Chicago,IL
947,Chicago,IL
948,Chicago,IL
949,Chicago,IL
950,Deerfield,IL
951,Chicago,IL
952,Chicago,IL
953,Chicago,IL
954,Rosemont,IL
955,Chicago,IL
956,Chicago,IL
957,Chicago,IL
958,Chicago,IL
959,Deerfield,IL
960,Chicago,IL
961,Chicago,IL
962,Chicago,IL
963,Chicago,IL
964,Oak Brook,IL
965,Chicago,IL
966,Chicago,IL
967,Chicago,IL
968,Chicago,IL
969,Chicago,IL
970,Chicago,IL
971,Chicago,IL
972,Villa Park,IL
973,Chicago,IL
974,Park Ridge,IL
975,Houston,TX
976,Houston,TX
977,Houston,TX
978,Houston,TX
979,Houston,TX
980,Houston,TX
981,Houston,TX
982,Houston,TX
983,Houston,TX
984,Houston,TX
985,Houston,TX
986,Houston,TX
987,Houston,TX
988,Houston,TX
989,Houston,TX
990,Houston,TX
991,Houston,TX
992,Houston,TX
993,Houston,TX
994,Houston,TX
995,Houston,TX
996,Houston,TX
997,Houston,TX
998,Houston,TX
999,Houston,TX
1000,Houston,TX
1001,Houston,TX
1002,Houston,TX
1003,Houston,TX
1004,Houston,TX
1005,Houston,TX
1006,Houston,TX
1007,Houston,TX
1008,Houston,TX
1009,Houston,TX
1010,Houston,TX
1011,Houston,TX
1012,Houston,TX
1013,Houston,TX
1014,Houston,TX
1015,Houston,TX
1016,Houston,TX
1017,Houston,TX
1018,Houston,TX
1019,Houston,TX
1020,Houston,TX
1021,Houston,TX
1022,Houston,TX
1023,Houston,TX
1024,Houston,TX
1025,Houston,TX
1026,Houston,TX
1027,Houston,TX
1028,Houston,TX
1029,Houston,TX
1030,Houston,TX
1031,Houston,TX
1032,Houston,TX
1033,Houston,TX
1034,Houston,TX
1035,Houston,TX
1036,Houston,TX
1037,Houston,TX
1038,Houston,TX
1039,Houston,TX
1040,Houston,TX
1041,Houston,TX
1042,Houston,TX
1043,Houston,TX
1044,Houston,TX
1045,Houston,TX
1046,Houston,TX
1047,Houston,TX
1048,Houston,TX
1049,Houston,TX
1050,Houston,TX
1051,Houston,TX
1052,Houston,TX
1053,Houston,TX
1054,Houston,TX
1055,Houston,TX
1056,Houston,TX
1057,Houston,TX
1058,Houston,TX
1059,Houston,TX
1060,Houston,TX
1061,Houston,TX
1062,Houston,TX
1063,Houston,TX
1064,Stafford,TX
1065,Houston,TX
1066,Houston,TX
1067,Houston,TX
1068,Houston,TX
1069,Houston,TX
1070,Houston,TX
1071,Cypress,TX
1072,Houston,TX
1073,Houston,TX
1074,Houston,TX
1075,Houston,TX
1076,Houston,TX
1077,Houston,TX
1078,Houston,TX
1079,Houston,TX
1080,Houston,TX
1081,Houston,TX
1082,Houston,TX
1083,Houston,TX
1084,Houston,TX
1085,Houston,TX
1086,Houston,TX
1087,Houston,TX
1088,Houston,TX
1089,Houston,TX
1090,Houston,TX
1091,Houston,TX
1092,Houston,TX
1093,Houston,TX
1094,Houston,TX
1095,Houston,TX
1096,Houston,TX
1097,Spring,TX
1098,Houston,TX
1099,Houston,TX
1100,Houston,TX
1101,Houston,TX
1102,Houston,TX
1103,Houston,TX
1104,Houston,TX
1105,Houston,TX
1106,Houston,TX
1107,Houston,TX
1108,Houston,TX
1109,Houston,TX
1110,Houston,TX
1111,Houston,TX
1112,Houston,TX
1113,Houston,TX
1114,Houston,TX
1115,Houston,TX
1116,Spring,TX
1117,Houston,TX
1118,Houston,TX
1119,Houston,TX
1120,Houston,TX
1121,Houston,TX
1122,Houston,TX
1123,Houston,TX
1124,Houston,TX
1125,Houston,TX
1126,Houston,TX
1127,Houston,TX
1128,Houston,TX
1129,Houston,TX
1130,Spring,TX
1131,Houston,TX
1132,Houston,TX
1133,Houston,TX
1134,Houston,TX
1135,Houston,TX
1136,Houston,TX
1137,Houston,TX
1138,Houston,TX
1139,Houston,TX
1140,Houston,TX
1141,Houston,TX
1142,Houston,TX
1143,Houston,TX
1144,Houston,TX
1145,Houston,TX
1146,Houston,TX
1147,Houston,TX
1148,Houston,TX
1149,Houston,TX
1150,Houston,TX
1151,Houston,TX
1152,Pearland,TX
1153,Houston,TX
1154,Houston,TX
1155,Houston,TX
1156,Houston,TX
1157,Houston,TX
1158,Houston,TX
1159,Houston,TX
1160,Houston,TX
1161,Houston,TX
1162,Houston,TX
1163,Houston,TX
1164,Houston,TX
1165,Houston,TX
1166,Houston,TX
1167,Houston,TX
1168,Houston,TX
1169,Houston,TX
1170,Houston,TX
1171,Houston,TX
1172,Houston,TX
1173,Houston,TX
1174,Houston,TX
1175,Houston,TX
1176,Houston,TX
1177,Pearland,TX
1178,Houston,TX
1179,Houston,TX
1180,Houston,TX
1181,Houston,TX
1182,Houston,TX
1183,Houston,TX
1184,Houston,TX
1185,Houston,TX
1186,Houston,TX
1187,Houston,TX
1188,Houston,TX
1189,Houston,TX
1190,Houston,TX
1191,Houston,TX
1192,Houston,TX
1193,Houston,TX
1194,Houston,TX
1195,Houston,TX
1196,Houston,TX
1197,Houston,TX
1198,Houston,TX
1199,Houston,TX
1200,Houston,TX
1201,Houston,TX
1202,Houston,TX
1203,Houston,TX
1204,Houston,TX
1205,Houston,TX
1206,Houston,TX
1207,Houston,TX
1208,Houston,TX
1209,Houston,TX
1210,Houston,TX
1211,Houston,TX
1212,Houston,TX
1213,Houston,TX
1214,Houston,TX
1215,Houston,TX
1216,Houston,TX
1217,Houston,TX
1218,Houston,TX
1219,Houston,TX
1220,Houston,TX
1221,Houston,TX
1222,Houston,TX
1223,Houston,TX
1224,Houston,TX
1225,Houston,TX
1226,Houston,TX
1227,Houston,TX
1228,Houston,TX
1229,Houston,TX
1230,Houston,TX
1231,Houston,TX
1232,Houston,TX
1233,Houston,TX
1234,Houston,TX
1235,Houston,TX
1236,Houston,TX
1237,Houston,TX
1238,Houston,TX
1239,Houston,TX
1240,Houston,TX
1241,Houston,TX
1242,Houston,TX
1243,Houston,TX
1244,Houston,TX
1245,Houston,TX
1246,Houston,TX
1247,Houston,TX
1248,Houston,TX
1249,Houston,TX
1250,Houston,TX
1251,Houston,TX
1252,Houston,TX
1253,Houston,TX
1254,Houston,TX
1255,Houston,TX
1256,Houston,TX
1257,Houston,TX
1258,Houston,TX
1259,Houston,TX
1260,Houston,TX
1261,Houston,TX
1262,Houston,TX
1263,South Houston,TX
1264,Houston,TX
1265,Houston,TX
1266,Houston,TX
1267,Houston,TX
1268,Houston,TX
1269,Houston,TX
1270,Houston,TX
1271,Houston,TX
1272,Houston,TX
1273,Houston,TX
1274,Houston,TX
1275,Houston,TX
1276,Houston,TX
1277,Houston,TX
1278,Houston,TX
1279,Houston,TX
1280,Houston,TX
1281,Houston,TX
1282,Houston,TX
1283,Houston,TX
1284,Houston,TX
1285,Houston,TX
1286,Houston,TX
1287,Houston,TX
1288,Houston,TX
1289,Houston,TX
1290,Houston,TX
1291,Houston,TX
1292,Houston,TX
1293,Houston,TX
1294,Houston,TX
1295,Houston,TX
1296,Houston,TX
1297,Houston,TX
1298,Houston,TX
1299,Houston,TX
1300,Houston,TX
1301,Houston,TX
1302,Houston,TX
1303,Houston,TX
1304,Houston,TX
1305,Houston,TX
1306,Houston,TX
1307,Houston,TX
1308,Houston,TX
1309,Houston,TX
1310,Houston,TX
1311,Houston,TX
1312,Houston,TX
1313,Houston,TX
1314,Houston,TX
1315,Houston,TX
1316,Houston,TX
1317,Houston,TX
1318,Houston,TX
1319,Houston,TX
1320,Houston,TX
1321,Houston,TX
1322,Houston,TX
1323,Scottsdale,AZ
1324,Scottsdale,AZ
1325,Scottsdale,AZ
1326,Scottsdale,AZ
1327,Phoenix,AZ
1328,Tempe,AZ
1329,Phoenix,AZ
1330,Phoenix,AZ
1331,Tempe,AZ
1332,Phoenix,AZ
1333,Tempe,AZ
1334,Phoenix,AZ
1335,Phoenix,AZ
1336,Scottsdale,AZ
1337,Phoenix,AZ
1338,Tempe,AZ
1339,Phoenix,AZ
1340,Phoenix,AZ
1341,Scottsdale,AZ
1342,Tempe,AZ
1343,Tempe,AZ
1344,Glendale,AZ
1345,Phoenix,AZ
1346,Tempe,AZ
1347,Phoenix,AZ
1348,Phoenix,AZ
1349,Tempe,AZ
1350,Tempe,AZ
1351,Glendale,AZ
1352,Phoenix,AZ
1353,Tempe,AZ
1354,Phoenix,AZ
1355,Tempe,AZ
1356,Phoenix,AZ
1357,Tempe,AZ
1358,Phoenix,AZ
1359,Scottsdale,AZ
1360,Tempe,AZ
1361,Phoenix,AZ
1362,Phoenix,AZ
1363,Tempe,AZ
1364,Phoenix,AZ
1365,Phoenix,AZ
1366,Phoenix,AZ
1367,Scottsdale,AZ
1368,Phoenix,AZ
1369,Tempe,AZ
1370,Phoenix,AZ
1371,Tempe,AZ
1372,Phoenix,AZ
1373,Tempe,AZ
1374,Glendale,AZ
1375,Phoenix,AZ
1376,Tempe,AZ
1377,Phoenix,AZ
1378,Phoenix,AZ
1379,Phoenix,AZ
1380,Phoenix,AZ
1381,Tempe,AZ
1382,Scottsdale,AZ
1383,Scottsdale,AZ
1384,Scottsdale,AZ
1385,Phoenix,AZ
1386,Phoenix,AZ
1387,Scottsdale,AZ
1388,Phoenix,AZ
1389,Phoenix,AZ
1390,Phoenix,AZ
1391,Phoenix,AZ
1392,Phoenix,AZ
1393,Phoenix,AZ
1394,Phoenix,AZ
1395,Chandler,AZ
1396,Phoenix,AZ
1397,Phoenix,AZ
1398,Scottsdale,AZ
1399,Phoenix,AZ
1400,Tempe,AZ
1401,Scottsdale,AZ
1402,Tempe,AZ
1403,Phoenix,AZ
1404,Scottsdale,AZ
1405,Phoenix,AZ
1406,Phoenix,AZ
1407,Phoenix,AZ
1408,Phoenix,AZ
1409,Phoenix,AZ
1410,Glendale,AZ
1411,Phoenix,AZ
1412,Tempe,AZ
1413,Phoenix,AZ
1414,Tempe,AZ
1415,Phoenix,AZ
1416,Phoenix,AZ
1417,Phoenix,AZ
1418,Phoenix,AZ
1419,Phoenix,AZ
1420,Scottsdale,AZ
1421,Scottsdale,AZ
1422,Chandler,AZ
1423,Scottsdale,AZ
1424,Phoenix,AZ
1425,Phoenix,AZ
1426,Phoenix,AZ
1427,Scottsdale,AZ
1428,Mesa,AZ
1429,Phoenix,AZ
1430,Tempe,AZ
1431,Phoenix,AZ
1432,Phoenix,AZ
1433,Phoenix,AZ
1434,Phoenix,AZ
1435,Phoenix,AZ
1436,Scottsdale,AZ
1437,Phoenix,AZ
1438,Phoenix,AZ
1439,Phoenix,AZ
1440,Phoenix,AZ
1441,Phoenix,AZ
1442,Phoenix,AZ
1443,Tempe,AZ
1444,Phoenix,AZ
1445,Phoenix,AZ
1446,Scottsdale,AZ
1447,Phoenix,AZ
1448,Phoenix,AZ
1449,Phoenix,AZ
1450,Tempe,AZ
1451,Phoenix,AZ
1452,Phoenix,AZ
1453,Phoenix,AZ
1454,DC Ranch,AZ
1455,Scottsdale,AZ
1456,Tempe,AZ
1457,Phoenix,AZ
1458,Phoenix,AZ
1459,Phoenix,AZ
1460,Phoenix,AZ
1461,Phoenix,AZ
1462,Phoenix,AZ
1463,Phoenix,AZ
1464,Scottsdale,AZ
1465,Phoenix,AZ
1466,Phoenix,AZ
1467,Tempe,AZ
1468,Phoenix,AZ
1469,Phoenix,AZ
1470,Phoenix,AZ
1471,Phoenix,AZ
1472,Phoenix,AZ
1473,Phoenix,AZ
1474,Phoenix,AZ
1475,Phoenix,AZ
1476,Phoenix,AZ
1477,Phoenix,AZ
1478,Phoenix,AZ
1479,Scottsdale,AZ
1480,Scottsdale,AZ
1481,Phoenix,AZ
1482,Phoenix,AZ
1483,Phoenix,AZ
1484,Tempe,AZ
1485,Phoenix,AZ
1486,Tempe,AZ
1487,Phoenix,AZ
1488,Scottsdale,AZ
1489,Phoenix,AZ
1490,Phoenix,AZ
1491,Phoenix,AZ
1492,Tempe,AZ
1493,Phoenix,AZ
1494,Phoenix,AZ
1495,Tempe,AZ
1496,Phoenix,AZ
1497,Scottsdale,AZ
1498,Phoenix,AZ
1499,Tempe,AZ
1500,Tempe,AZ
1501,Chandler,AZ
1502,Phoenix,AZ
1503,Phoenix,AZ
1504,Phoenix,AZ
1505,Tempe,AZ
1506,Chandler,AZ
1507,Phoenix,AZ
1508,Phoenix,AZ
1509,Phoenix,AZ
1510,Phoenix,AZ
1511,Phoenix,AZ
1512,Phoenix,AZ
1513,Tempe,AZ
1514,Phoenix,AZ
1515,Phoenix,AZ
1516,Phoenix,AZ
1517,Tempe,AZ
1518,Chandler,AZ
1519,Phoenix,AZ
1520,Tempe,AZ
1521,Phoenix,AZ
1522,Phoenix,AZ
1523,Phoenix,AZ
1524,Scottsdale,AZ
1525,Mesa,AZ
1526,Phoenix,AZ
1527,Tempe,AZ
1528,Phoenix,AZ
1529,Mesa,AZ
1530,Phoenix,AZ
1531,Scottsdale,AZ
1532,Tempe,AZ
1533,Scottsdale,AZ
1534,Phoenix,AZ
1535,Tempe,AZ
1536,Phoenix,AZ
1537,Phoenix,AZ
1538,Phoenix,AZ
1539,Scottsdale,AZ
1540,Phoenix,AZ
1541,Tempe,AZ
1542,Phoenix,AZ
1543,Phoenix,AZ
1544,Tempe,AZ
1545,Tempe,AZ
1546,Phoenix,AZ
1547,Tempe,AZ
1548,Phoenix,AZ
1549,Phoenix,AZ
1550,Phoenix,AZ
1551,Tempe,AZ
1552,Phoenix,AZ
1553,Phoenix,AZ
1554,Scottsdale,AZ
1555,Scottsdale,AZ
1556,Scottsdale,AZ
1557,Phoenix,AZ
1558,Tempe,AZ
1559,Scottsdale,AZ
1560,Phoenix,AZ
1561,Phoenix,AZ
1562,Tempe,AZ
1563,Phoenix,AZ
1564,Phoenix,AZ
1565,Tempe,AZ
1566,Tempe,AZ
1567,Phoenix,AZ
1568,Tempe,AZ
1569,Phoenix,AZ
1570,Phoenix,AZ
1571,Phoenix,AZ
1572,Tempe,AZ
1573,Phoenix,AZ
1574,Tempe,AZ
1575,Phoenix,AZ
1576,Phoenix,AZ
1577,Phoenix,AZ
1578,Scottsdale,AZ
1579,Scottsdale,AZ
1580,Phoenix,AZ
1581,Phoenix,AZ
1582,Phoenix,AZ
1583,Phoenix,AZ
1584,Chandler,AZ
1585,Tempe,AZ
1586,Chandler,AZ
1587,Phoenix,AZ
1588,Tempe,AZ
1589,Scottsdale,AZ
1590,Chandler,AZ
1591,Tempe,AZ
1592,Tempe,AZ
1593,Scottsdale,AZ
1594,Phoenix,AZ
1595,Phoenix,AZ
1596,Phoenix,AZ
1597,Phoenix,AZ
1598,Tempe,AZ
1599,Phoenix,AZ
1600,Tempe,AZ
1601,Tempe,AZ
1602,Scottsdale,AZ
1603,Phoenix,AZ
1604,Phoenix,AZ
1605,Tempe,AZ
1606,Tempe,AZ
1607,Tempe,AZ
1608,Phoenix,AZ
1609,Tempe,AZ
1610,Tempe,AZ
1611,Phoenix,AZ
1612,Phoenix,AZ
1613,Tempe,AZ
1614,Phoenix,AZ
1615,Phoenix,AZ
1616,Phoenix,AZ
1617,Phoenix,AZ
1618,Phoenix,AZ
1619,Phoenix,AZ
1620,Phoenix,AZ
1621,Glendale Luke AFB,AZ
1622,Phoenix,AZ
1623,Phoenix,AZ
1624,Tempe,AZ
1625,Glendale,AZ
1626,Scottsdale,AZ
1627,Phoenix,AZ
1628,Scottsdale,AZ
1629,Tempe,AZ
1630,Phoenix,AZ
1631,Tempe,AZ
1632,Glendale,AZ
1633,Phoenix,AZ
1634,Chandler,AZ
1635,Phoenix,AZ
1636,Tempe,AZ
1637,Phoenix,AZ
1638,Phoenix,AZ
1639,Phoenix,AZ
1640,Scottsdale,AZ
1641,Phoenix,AZ
1642,Phoenix,AZ
1643,Phoenix,AZ
1644,Tempe,AZ
1645,Scottsdale,AZ
1646,Phoenix,AZ
1647,Tempe,AZ
1648,Tempe,AZ
1649,Tempe,AZ
1650,Phoenix,AZ
1651,Glendale,AZ
1652,Phoenix,AZ
1653,Tempe,AZ
1654,Phoenix,AZ
1655,Phoenix,AZ
1656,Mesa,AZ
1657,Tempe,AZ
1658,Phoenix,AZ
1659,Phoenix,AZ
1660,Phoenix,AZ
1661,Tempe,AZ
1662,Trevose,PA
1663,Burlington,NJ
1664,Wayne,PA
1665,Ambler,PA
1666,Malvern,PA
1667,Malvern,PA
1668,Radnor,PA
1669,Camden,NJ
1670,Philadelphia,PA
1671,Swedesboro,NJ
1672,Philadelphia,PA
1673,Philadelphia,PA
1674,Philadelphia,PA
1675,Philadelphia,PA
1676,Philadelphia,PA
1677,Wilmington,DE
1678,King of Prussia,PA
1679,Philadelphia,PA
1680,Philadelphia,PA
1681,Philadelphia,PA
1682,Philadelphia,PA
1683,Bala Cynwyd,PA
1684,Lansdale,PA
1685,Philadelphia,PA
1686,West Point,PA
1687,Philadelphia,PA
1688,Philadelphia,PA
1689,Horsham,PA
1690,Norristown,PA
1691,Fort Washington,PA
1692,Wilmington,DE
1693,Cherry Hill,NJ
1694,King of Prussia,PA
1695,Philadelphia,PA
1696,King of Prussia,PA
1697,Philadelphia,PA
1698,Philadelphia,PA
1699,Philadelphia,PA
1700,Philadelphia,PA
1701,Philadelphia,PA
1702,Philadelphia,PA
1703,King of Prussia,PA
1704,Philadelphia,PA
1705,Philadelphia,PA
1706,Philadelphia,PA
1707,Wilmington,DE
1708,Conshohocken,PA
1709,Philadelphia,PA
1710,Philadelphia,PA
1711,Philadelphia,PA
1712,King of Prussia,PA
1713,Philadelphia,PA
1714,Philadelphia,PA
1715,Philadelphia,PA
1716,Philadelphia,PA
1717,Fort Washington,PA
1718,Philadelphia,PA
1719,Wilmington,DE
1720,Philadelphia,PA
1721,Fort Washington,PA
1722,Fort Washington,PA
1723,Philadelphia,PA
1724,Wilmington,DE
1725,Wilmington,DE
1726,Philadelphia,PA
1727,Horsham,PA
1728,Wilmington,DE
1729,Philadelphia,PA
1730,Philadelphia,PA
1731,Philadelphia,PA
1732,Philadelphia,PA
1733,Philadelphia,PA
1734,King of Prussia,PA
1735,Chesterbrook,PA
1736,Philadelphia,PA
1737,Exton,PA
1738,West Chester,PA
1739,Philadelphia,PA
1740,Philadelphia,PA
1741,Philadelphia,PA
1742,Wilmington,DE
1743,Philadelphia,PA
1744,Philadelphia,PA
1745,Philadelphia,PA
1746,Philadelphia,PA
1747,Philadelphia,PA
1748,Mount Laurel,NJ
1749,Philadelphia,PA
1750,Philadelphia,PA
1751,Oaks,PA
1752,Wilmington,DE
1753,Philadelphia,PA
1754,Mount Laurel,NJ
1755,Philadelphia,PA
1756,Mount Laurel,NJ
1757,Fort Washington,PA
1758,Philadelphia,PA
1759,Philadelphia,PA
1760,Philadelphia,PA
1761,Fort Washington,PA
1762,Philadelphia,PA
1763,Philadelphia,PA
1764,Philadelphia,PA
1765,Philadelphia,PA
1766,Swedesboro,NJ
1767,Philadelphia,PA
1768,Philadelphia,PA
1769,Wilmington,DE
1770,Philadelphia,PA
1771,Philadelphia,PA
1772,Audubon,PA
1773,King of Prussia,PA
1774,Philadelphia,PA
1775,East Norriton,PA
1776,Philadelphia,PA
1777,King of Prussia,PA
1778,Philadelphia,PA
1779,Conshohocken,PA
1780,Philadelphia,PA
1781,Philadelphia,PA
1782,Philadelphia,PA
1783,Media,PA
1784,Philadelphia,PA
1785,Philadelphia,PA
1786,Wilmington,DE
1787,Malvern,PA
1788,Conshohocken,PA
1789,Philadelphia,PA
1790,King of Prussia,PA
1791,Bensalem,PA
1792,Bala Cynwyd,PA
1793,Conshohocken,PA
1794,Philadelphia,PA
1795,Wilmington,DE
1796,Philadelphia,PA
1797,Conshohocken,PA
1798,West Chester,PA
1799,Philadelphia,PA
1800,Philadelphia,PA
1801,King of Prussia,PA
1802,Exton,PA
1803,Philadelphia,PA
1804,Philadelphia,PA
1805,Wilmington,DE
1806,Exton,PA
1807,Mount Laurel,NJ
1808,West Chester,PA
1809,Plymouth Meeting,PA
1810,Marlton,NJ
1811,Philadelphia,PA
1812,Bala Cynwyd,PA
1813,Philadelphia,PA
1814,Philadelphia,PA
1815,Philadelphia,PA
1816,Philadelphia,PA
1817,Philadelphia,PA
1818,Wilmington,DE
1819,Philadelphia,PA
1820,Wilmington,DE
1821,Collegeville,PA
1822,Philadelphia,PA
1823,Philadelphia,PA
1824,King of Prussia,PA
1825,Bristol,PA
1826,Radnor,PA
1827,West Chester,PA
1828,Fort Washington,PA
1829,West Chester,PA
1830,Wilmington,DE
1831,Philadelphia,PA
1832,Philadelphia,PA
1833,Philadelphia,PA
1834,Plymouth Meeting,PA
1835,Wilmington,DE
1836,Bristol,PA
1837,Wilmington,DE
1838,Philadelphia,PA
1839,Malvern,PA
1840,Fort Washington,PA
1841,Philadelphia,PA
1842,Wayne,PA
1843,Philadelphia,PA
1844,Bala Cynwyd,PA
1845,Mount Laurel,NJ
1846,Wilmington,DE
1847,Philadelphia,PA
1848,Moorestown,NJ
1849,Philadelphia,PA
1850,Philadelphia,PA
1851,Wilmington,DE
1852,King of Prussia,PA
1853,Wilmington,DE
1854,Wilmington,DE
1855,Wilmington,DE
1856,Dresher,PA
1857,Wilmington,DE
1858,Philadelphia,PA
1859,Philadelphia,PA
1860,Wilmington,DE
1861,Philadelphia,PA
1862,Radnor,PA
1863,Wilmington,DE
1864,Moorestown,NJ
1865,Philadelphia,PA
1866,Philadelphia,PA
1867,Philadelphia,PA
1868,Philadelphia,PA
1869,Radnor,PA
1870,Philadelphia,PA
1871,Philadelphia,PA
1872,Burlington,NJ
1873,Philadelphia,PA
1874,Philadelphia,PA
1875,Philadelphia,PA
1876,King of Prussia,PA
1877,Philadelphia,PA
1878,Chesterbrook,PA
1879,Malvern,PA
1880,Philadelphia,PA
1881,Philadelphia,PA
1882,Plymouth Meeting,PA
1883,Philadelphia,PA
1884,Wilmington,DE
1885,Philadelphia,PA
1886,Mount Laurel,NJ
1887,Philadelphia,PA
1888,Fort Washington,PA
1889,King of Prussia,PA
1890,Philadelphia,PA
1891,Philadelphia,PA
1892,Malvern,PA
1893,Media,PA
1894,Collegeville,PA
1895,Philadelphia,PA
1896,Philadelphia,PA
1897,Philadelphia,PA
1898,Philadelphia,PA
1899,Philadelphia,PA
1900,Philadelphia,PA
1901,Wilmington,DE
1902,Philadelphia,PA
1903,Philadelphia,PA
1904,Feasterville Trevose,PA
1905,Philadelphia,PA
1906,Philadelphia,PA
1907,Philadelphia,PA
1908,Philadelphia,PA
1909,Philadelphia,PA
1910,Philadelphia,PA
1911,Philadelphia,PA
1912,Philadelphia,PA
1913,Wayne,PA
1914,Camden,NJ
1915,Philadelphia,PA
1916,Fort Washington,PA
1917,King of Prussia,PA
1918,Philadelphia,PA
1919,Philadelphia,PA
1920,Philadelphia,PA
1921,Malvern,PA
1922,Philadelphia,PA
1923,Philadelphia,PA
1924,King of Prussia,PA
1925,Philadelphia,PA
1926,Philadelphia,PA
1927,Philadelphia,PA
1928,Philadelphia,PA
1929,Philadelphia,PA
1930,Camden,NJ
1931,Paoli,PA
1932,Moorestown,NJ
1933,Philadelphia,PA
1934,Newtown Square,PA
1935,Exton,PA
1936,King of Prussia,PA
1937,Philadelphia,PA
1938,Philadelphia,PA
1939,Philadelphia,PA
1940,Philadelphia,PA
1941,Philadelphia,PA
1942,Philadelphia,PA
1943,Philadelphia,PA
1944,Dresher,PA
1945,Philadelphia,PA
1946,Wilmington,DE
1947,Mount Laurel,NJ
1948,Philadelphia,PA
1949,Philadelphia,PA
1950,Philadelphia,PA
1951,Philadelphia,PA
1952,Philadelphia,PA
1953,Fort Washington,PA
1954,Moorestown,NJ
1955,Philadelphia,PA
1956,Berwyn,PA
1957,Philadelphia,PA
1958,Philadelphia,PA
1959,Philadelphia,PA
1960,Philadelphia,PA
1961,Marlton,NJ
1962,Philadelphia,PA
1963,Mount Laurel,NJ
1964,Philadelphia,PA
1965,Wilmington,DE
1966,Allegheny West,PA
1967,King of Prussia,PA
1968,Wilmington,DE
1969,Philadelphia,PA
1970,Mount Laurel,NJ
1971,Philadelphia,PA
1972,Philadelphia,PA
1973,Wilmington,DE
1974,Philadelphia,PA
1975,Philadelphia,PA
1976,Conshohocken,PA
1977,Wilmington,DE
1978,Riverside,NJ
1979,Wilmington,DE
1980,Wilmington,DE
1981,Philadelphia,PA
1982,Philadelphia,PA
1983,Philadelphia,PA
1984,Philadelphia,PA
1985,Lansdale,PA
1986,Spring House,PA
1987,King of Prussia,PA
1988,Blue Bell,PA
1989,Newtown,PA
1990,Philadelphia,PA
1991,Wilmington,DE
1992,Philadelphia,PA
1993,Wilmington,DE
1994,Philadelphia,PA
1995,Philadelphia,PA
1996,Philadelphia,PA
1997,Philadelphia,PA
1998,San Antonio,TX
1999,San Antonio,TX
2000,San Antonio,TX
2001,San Antonio,TX
2002,San Antonio,TX
2003,San Antonio,TX
2004,San Antonio,TX
2005,San Antonio,TX
2006,San Antonio,TX
2007,San Antonio,TX
2008,San Antonio,TX
2009,San Antonio,TX
2010,San Antonio,TX
2011,San Antonio,TX
2012,San Antonio,TX
2013,San Antonio,TX
2014,San Antonio,TX
2015,San Antonio,TX
2016,San Antonio,TX
2017,San Antonio,TX
2018,San Antonio,TX
2019,San Antonio,TX
2020,San Antonio,TX
2021,San Antonio,TX
2022,San Antonio,TX
2023,San Antonio,TX
2024,San Antonio,TX
2025,San Antonio,TX
2026,San Antonio,TX
2027,San Antonio,TX
2028,San Antonio,TX
2029,San Antonio,TX
2030,San Antonio,TX
2031,San Antonio,TX
2032,San Antonio,TX
2033,San Antonio,TX
2034,San Antonio,TX
2035,San Antonio,TX
2036,San Antonio,TX
2037,San Antonio,TX
2038,San Antonio,TX
2039,San Antonio,TX
2040,San Antonio,TX
2041,San Antonio,TX
2042,San Antonio,TX
2043,San Antonio,TX
2044,San Antonio,TX
2045,San Antonio,TX
2046,San Antonio,TX
2047,San Antonio,TX
2048,San Antonio,TX
2049,San Antonio,TX
2050,San Antonio,TX
2051,San Antonio,TX
2052,San Antonio,TX
2053,San Antonio,TX
2054,San Antonio,TX
2055,San Antonio,TX
2056,San Antonio,TX
2057,San Antonio,TX
2058,San Antonio,TX
2059,San Antonio,TX
2060,San Antonio,TX
2061,San Antonio,TX
2062,San Antonio,TX
2063,San Antonio,TX
2064,San Antonio,TX
2065,San Antonio,TX
2066,San Antonio,TX
2067,San Antonio,TX
2068,San Antonio,TX
2069,San Antonio,TX
2070,San Antonio,TX
2071,San Antonio,TX
2072,San Antonio,TX
2073,San Antonio,TX
2074,San Antonio,TX
2075,San Antonio,TX
2076,San Antonio,TX
2077,San Antonio,TX
2078,San Antonio,TX
2079,San Antonio,TX
2080,San Antonio,TX
2081,Fort Sam Houston,TX
2082,San Antonio,TX
2083,San Antonio,TX
2084,San Antonio,TX
2085,San Antonio,TX
2086,San Antonio,TX
2087,San Antonio,TX
2088,San Antonio,TX
2089,San Antonio,TX
2090,San Antonio,TX
2091,San Antonio,TX
2092,San Antonio,TX
2093,San Antonio,TX
2094,San Antonio,TX
2095,San Antonio,TX
2096,San Antonio,TX
2097,San Antonio,TX
2098,San Antonio,TX
2099,San Antonio,TX
2100,San Antonio,TX
2101,San Antonio,TX
2102,San Antonio,TX
2103,San Antonio,TX
2104,San Antonio,TX
2105,San Antonio,TX
2106,San Antonio,TX
2107,San Antonio,TX
2108,San Antonio,TX
2109,San Antonio,TX
2110,San Antonio,TX
2111,San Antonio,TX
2112,San Antonio,TX
2113,San Antonio,TX
2114,San Antonio,TX
2115,San Antonio,TX
2116,San Antonio,TX
2117,San Antonio,TX
2118,San Antonio,TX
2119,San Antonio,TX
2120,San Antonio,TX
2121,San Antonio,TX
2122,San Antonio,TX
2123,San Antonio,TX
2124,San Antonio,TX
2125,San Antonio,TX
2126,San Antonio,TX
2127,San Antonio,TX
2128,San Antonio,TX
2129,San Antonio,TX
2130,San Antonio,TX
2131,San Antonio,TX
2132,San Antonio,TX
2133,San Antonio,TX
2134,San Antonio,TX
2135,San Antonio,TX
2136,San Antonio,TX
2137,San Antonio,TX
2138,San Antonio,TX
2139,San Antonio,TX
2140,Lackland AFB,TX
2141,San Antonio,TX
2142,San Antonio,TX
2143,San Antonio,TX
2144,San Antonio,TX
2145,San Antonio,TX
2146,San Antonio,TX
2147,San Antonio,TX
2148,San Antonio,TX
2149,San Antonio,TX
2150,San Antonio,TX
2151,San Antonio,TX
2152,San Antonio,TX
2153,San Antonio,TX
2154,San Antonio,TX
2155,San Antonio,TX
2156,San Antonio,TX
2157,San Antonio,TX
2158,San Antonio,TX
2159,San Antonio,TX
2160,San Antonio,TX
2161,San Antonio,TX
2162,San Antonio,TX
2163,San Antonio,TX
2164,San Antonio,TX
2165,San Antonio,TX
2166,San Antonio,TX
2167,San Antonio,TX
2168,San Antonio,TX
2169,San Antonio,TX
2170,San Antonio,TX
2171,San Antonio,TX
2172,San Antonio,TX
2173,San Antonio,TX
2174,San Antonio,TX
2175,San Antonio,TX
2176,San Antonio,TX
2177,San Antonio,TX
2178,San Antonio,TX
2179,San Antonio,TX
2180,San Antonio,TX
2181,San Antonio,TX
2182,San Antonio,TX
2183,San Antonio,TX
2184,San Antonio,TX
2185,San Antonio,TX
2186,San Antonio,TX
2187,San Antonio,TX
2188,San Antonio,TX
2189,Fort Sam Houston,TX
2190,San Antonio,TX
2191,San Antonio,TX
2192,San Antonio,TX
2193,San Antonio,TX
2194,San Antonio,TX
2195,San Antonio,TX
2196,San Antonio,TX
2197,San Antonio,TX
2198,San Antonio,TX
2199,San Antonio,TX
2200,San Antonio,TX
2201,San Antonio,TX
2202,San Antonio,TX
2203,San Antonio,TX
2204,San Antonio,TX
2205,San Antonio,TX
2206,Fort Sam Houston,TX
2207,San Antonio,TX
2208,San Antonio,TX
2209,San Antonio,TX
2210,San Antonio,TX
2211,San Antonio,TX
2212,Lackland AFB,TX
2213,San Antonio,TX
2214,San Antonio,TX
2215,San Antonio,TX
2216,San Antonio,TX
2217,San Antonio,TX
2218,San Antonio,TX
2219,San Antonio,TX
2220,San Antonio,TX
2221,San Antonio,TX
2222,San Antonio,TX
2223,San Antonio,TX
2224,Lackland AFB,TX
2225,San Antonio,TX
2226,Fort Sam Houston,TX
2227,San Antonio,TX
2228,San Antonio,TX
2229,San Antonio,TX
2230,San Antonio,TX
2231,Boerne,TX
2232,San Antonio,TX
2233,San Antonio,TX
2234,San Antonio,TX
2235,San Antonio,TX
2236,San Antonio,TX
2237,San Antonio,TX
2238,San Antonio,TX
2239,San Antonio,TX
2240,San Antonio,TX
2241,San Antonio,TX
2242,San Antonio,TX
2243,San Antonio,TX
2244,San Antonio,TX
2245,San Antonio,TX
2246,San Antonio,TX
2247,San Antonio,TX
2248,San Antonio,TX
2249,San Antonio,TX
2250,Fort Sam Houston,TX
2251,San Antonio,TX
2252,San Antonio,TX
2253,San Antonio,TX
2254,San Antonio,TX
2255,San Antonio,TX
2256,San Antonio,TX
2257,San Antonio,TX
2258,San Antonio,TX
2259,San Antonio,TX
2260,Lackland AFB,TX
2261,San Antonio,TX
2262,San Antonio,TX
2263,San Antonio,TX
2264,San Antonio,TX
2265,San Antonio,TX
2266,San Antonio,TX
2267,San Antonio,TX
2268,San Antonio,TX
2269,San Antonio,TX
2270,San Antonio,TX
2271,San Antonio,TX
2272,San Antonio,TX
2273,San Antonio,TX
2274,Lackland AFB,TX
2275,Lackland AFB,TX
2276,San Antonio,TX
2277,San Antonio,TX
2278,San Antonio,TX
2279,San Antonio,TX
2280,San Antonio,TX
2281,San Antonio,TX
2282,San Antonio,TX
2283,San Antonio,TX
2284,San Antonio,TX
2285,San Antonio,TX
2286,San Antonio,TX
2287,San Antonio,TX
2288,San Antonio,TX
2289,Lackland AFB,TX
2290,San Antonio,TX
2291,San Antonio,TX
2292,San Antonio,TX
2293,San Antonio,TX
2294,San Antonio,TX
2295,San Antonio,TX
2296,San Antonio,TX
2297,San Antonio,TX
2298,San Antonio,TX
2299,San Antonio,TX
2300,San Antonio,TX
2301,Fort Sam Houston,TX
2302,San Antonio,TX
2303,San Antonio,TX
2304,San Antonio,TX
2305,San Antonio,TX
2306,San Antonio,TX
2307,San Antonio,TX
2308,San Antonio,TX
2309,San Antonio,TX
2310,San Antonio,TX
2311,San Antonio,TX
2312,San Antonio,TX
2313,San Antonio,TX
2314,San Antonio,TX
2315,San Antonio,TX
2316,San Antonio,TX
2317,Fort Sam Houston,TX
2318,San Antonio,TX
2319,San Antonio,TX
2320,San Antonio,TX
2321,San Antonio,TX
2322,San Antonio,TX
2323,San Antonio,TX
2324,San Antonio,TX
2325,San Antonio,TX
2326,San Antonio,TX
2327,San Antonio,TX
2328,San Antonio,TX
2329,San Antonio,TX
2330,San Antonio,TX
2331,San Antonio,TX
2332,San Antonio,TX
2333,San Antonio,TX
2334,San Antonio,TX
2335,San Antonio,TX
2336,San Antonio,TX
2337,San Antonio,TX
2338,San Diego,CA
2339,San Diego,CA
2340,San Diego,CA
2341,San Diego,CA
2342,San Diego,CA
2343,San Diego,CA
2344,San Diego,CA
2345,San Diego,CA
2346,San Diego,CA
2347,San Diego,CA
2348,San Diego,CA
2349,San Diego,CA
2350,San Diego,CA
2351,San Diego,CA
2352,San Diego,CA
2353,San Diego,CA
2354,San Diego,CA
2355,San Diego,CA
2356,San Diego,CA
2357,San Diego,CA
2358,San Diego,CA
2359,San Diego,CA
2360,San Diego,CA
2361,San Diego,CA
2362,San Diego,CA
2363,San Diego,CA
2364,San Diego,CA
2365,San Diego,CA
2366,San Diego,CA
2367,San Diego,CA
2368,San Diego,CA
2369,San Diego,CA
2370,San Diego,CA
2371,San Diego,CA
2372,San Diego,CA
2373,San Diego,CA
2374,San Diego,CA
2375,San Diego,CA
2376,San Diego,CA
2377,San Diego,CA
2378,San Diego,CA
2379,San Diego,CA
2380,San Diego,CA
2381,San Diego,CA
2382,San Diego,CA
2383,San Diego,CA
2384,San Diego,CA
2385,San Diego,CA
2386,San Diego,CA
2387,San Diego,CA
2388,San Diego,CA
2389,San Diego,CA
2390,Coronado,CA
2391,San Diego,CA
2392,San Diego,CA
2393,San Diego,CA
2394,San Diego,CA
2395,San Diego,CA
2396,San Diego,CA
2397,San Diego,CA
2398,San Diego,CA
2399,San Diego,CA
2400,San Diego,CA
2401,San Diego,CA
2402,San Diego,CA
2403,San Diego,CA
2404,San Diego,CA
2405,San Diego,CA
2406,San Diego,CA
2407,San Diego,CA
2408,San Diego,CA
2409,San Diego,CA
2410,San Diego,CA
2411,San Diego,CA
2412,El Cajon,CA
2413,San Diego,CA
2414,San Diego,CA
2415,San Diego,CA
2416,San Diego,CA
2417,San Diego,CA
2418,San Diego,CA
2419,San Diego,CA
2420,San Diego,CA
2421,San Diego,CA
2422,San Diego,CA
2423,San Diego,CA
2424,San Diego,CA
2425,San Diego,CA
2426,San Diego,CA
2427,San Diego,CA
2428,San Diego,CA
2429,San Diego,CA
2430,San Diego,CA
2431,San Diego,CA
2432,San Diego,CA
2433,San Diego,CA
2434,San Diego,CA
2435,San Diego,CA
2436,San Diego,CA
2437,San Diego,CA
2438,San Diego,CA
2439,San Diego,CA
2440,San Diego,CA
2441,San Diego,CA
2442,San Diego,CA
2443,San Diego,CA
2444,San Diego,CA
2445,San Diego,CA
2446,San Diego,CA
2447,San Diego,CA
2448,San Diego,CA
2449,San Diego,CA
2450,San Diego,CA
2451,San Diego,CA
2452,San Diego,CA
2453,San Diego,CA
2454,San Diego,CA
2455,San Diego,CA
2456,San Diego,CA
2457,San Diego,CA
2458,San Diego,CA
2459,San Diego,CA
2460,San Diego,CA
2461,San Diego,CA
2462,San Diego,CA
2463,San Diego,CA
2464,San Diego,CA
2465,San Diego,CA
2466,San Diego,CA
2467,San Diego,CA
2468,San Diego,CA
2469,San Diego,CA
2470,San Diego,CA
2471,San Diego,CA
2472,San Diego,CA
2473,San Diego,CA
2474,San Diego,CA
2475,San Diego,CA
2476,San Diego,CA
2477,San Diego,CA
2478,San Diego,CA
2479,San Diego,CA
2480,San Diego,CA
2481,San Diego,CA
2482,San Diego,CA
2483,San Diego,CA
2484,San Diego,CA
2485,San Diego,CA
2486,San Diego,CA
2487,San Diego,CA
2488,San Diego,CA
2489,San Diego,CA
2490,San Diego,CA
2491,San Diego,CA
2492,San Diego,CA
2493,San Diego,CA
2494,San Diego,CA
2495,San Diego,CA
2496,San Diego,CA
2497,San Diego,CA
2498,San Diego,CA
2499,San Diego,CA
2500,San Diego,CA
2501,San Diego,CA
2502,Alpine,CA
2503,San Diego,CA
2504,San Diego,CA
2505,San Diego,CA
2506,San Diego,CA
2507,San Diego,CA
2508,San Diego,CA
2509,San Diego,CA
2510,San Diego,CA
2511,San Diego,CA
2512,San Diego,CA
2513,San Diego,CA
2514,San Diego,CA
2515,San Diego,CA
2516,San Diego,CA
2517,La Jolla,CA
2518,San Diego,CA
2519,San Diego,CA
2520,San Diego,CA
2521,San Diego,CA
2522,San Diego,CA
2523,San Diego,CA
2524,San Diego,CA
2525,San Diego,CA
2526,San Diego,CA
2527,San Diego,CA
2528,San Diego,CA
2529,San Diego,CA
2530,Coronado,CA
2531,San Diego,CA
2532,San Diego,CA
2533,San Diego,CA
2534,San Diego,CA
2535,San Diego,CA
2536,San Diego,CA
2537,San Diego,CA
2538,San Diego,CA
2539,San Diego,CA
2540,San Diego,CA
2541,San Diego,CA
2542,San Diego,CA
2543,San Diego,CA
2544,San Diego,CA
2545,San Diego,CA
2546,San Diego,CA
2547,San Diego,CA
2548,San Diego,CA
2549,San Diego,CA
2550,San Diego,CA
2551,San Diego,CA
2552,San Diego,CA
2553,San Diego,CA
2554,San Diego,CA
2555,San Diego,CA
2556,San Diego,CA
2557,San Diego,CA
2558,San Diego,CA
2559,San Diego,CA
2560,San Diego,CA
2561,San Diego,CA
2562,San Diego,CA
2563,San Diego,CA
2564,Coronado,CA
2565,San Diego,CA
2566,San Diego,CA
2567,San Diego,CA
2568,San Diego,CA
2569,San Diego,CA
2570,San Diego,CA
2571,San Diego,CA
2572,San Diego,CA
2573,San Diego,CA
2574,San Diego,CA
2575,San Diego,CA
2576,San Diego,CA
2577,San Diego,CA
2578,San Diego,CA
2579,San Diego,CA
2580,San Diego,CA
2581,San Diego,CA
2582,San Diego,CA
2583,San Diego,CA
2584,San Diego,CA
2585,San Diego,CA
2586,San Diego,CA
2587,San Diego,CA
2588,San Diego,CA
2589,San Diego,CA
2590,San Diego,CA
2591,San Diego,CA
2592,San Diego,CA
2593,San Diego,CA
2594,San Diego,CA
2595,San Diego,CA
2596,San Diego,CA
2597,San Diego,CA
2598,San Diego,CA
2599,San Diego,CA
2600,San Diego,CA
2601,San Diego,CA
2602,San Diego,CA
2603,San Diego,CA
2604,San Diego,CA
2605,San Diego,CA
2606,San Diego,CA
2607,San Diego,CA
2608,San Diego,CA
2609,San Diego,CA
2610,San Diego,CA
2611,San Diego,CA
2612,Coronado,CA
2613,San Diego,CA
2614,San Diego,CA
2615,San Diego,CA
2616,San Diego,CA
2617,San Diego,CA
2618,San Diego,CA
2619,San Diego,CA
2620,San Diego,CA
2621,San Diego,CA
2622,San Diego,CA
2623,San Diego,CA
2624,San Diego,CA
2625,San Diego,CA
2626,San Diego,CA
2627,San Diego,CA
2628,San Diego,CA
2629,San Diego,CA
2630,San Diego,CA
2631,San Diego,CA
2632,San Diego,CA
2633,San Diego,CA
2634,San Diego,CA
2635,San Diego,CA
2636,San Diego,CA
2637,San Diego,CA
2638,San Diego,CA
2639,San Diego,CA
2640,San Diego,CA
2641,San Diego,CA
2642,San Diego,CA
2643,San Diego,CA
2644,San Diego,CA
2645,San Diego,CA
2646,San Diego,CA
2647,Coronado,CA
2648,San Diego,CA
2649,San Diego,CA
2650,San Diego,CA
2651,San Diego,CA
2652,San Diego,CA
2653,San Diego,CA
2654,San Diego,CA
2655,San Diego,CA
2656,San Diego,CA
2657,San Diego,CA
2658,San Diego,CA
2659,San Diego,CA
2660,San Diego,CA
2661,San Diego,CA
2662,San Diego,CA
2663,San Diego,CA
2664,San Diego,CA
2665,San Diego,CA
2666,San Diego,CA
2667,San Diego,CA
2668,San Diego,CA
2669,San Diego,CA
2670,San Diego,CA
2671,San Diego,CA
2672,San Diego,CA
2673,San Diego,CA
2674,San Diego,CA
2675,San Diego,CA
2676,San Diego,CA
2677,San Diego,CA
2678,San Diego,CA
2679,San Diego,CA
2680,San Diego,CA
2681,San Diego,CA
2682,San Diego,CA
2683,San Diego,CA
2684,San Diego,CA
2685,San Diego,CA
2686,San Diego,CA
2687,San Diego,CA
2688,San Diego,CA
2689,San Diego,CA
2690,San Diego,CA
2691,San Diego,CA
2692,San Diego,CA
2693,San Diego,CA
2694,Allen,TX
2695,Dallas,TX
2696,Dallas,TX
2697,Plano,TX
2698,Carrollton,TX
2699,Dallas,TX
2700,Plano,TX
2701,Plano,TX
2702,Addison,TX
2703,Dallas,TX
2704,Dallas,TX
2705,Addison,TX
2706,Dallas,TX
2707,Dallas,TX
2708,Dallas,TX
2709,Richardson,TX
2710,Dallas,TX
2711,Plano,TX
2712,Irving,TX
2713,Plano,TX
2714,Dallas,TX
2715,Plano,TX
2716,Irving,TX
2717,Dallas,TX
2718,Plano,TX
2719,Plano,TX
2720,Dallas,TX
2721,Dallas,TX
2722,Richardson,TX
2723,Plano,TX
2724,Dallas,TX
2725,Dallas,TX
2726,Dallas,TX
2727,Dallas,TX
2728,Dallas,TX
2729,Dallas,TX
2730,Dallas,TX
2731,Grapevine,TX
2732,Irving,TX
2733,Dallas,TX
2734,Dallas,TX
2735,Richardson,TX
2736,Irving,TX
2737,Richardson,TX
2738,Irving,TX
2739,Dallas,TX
2740,Dallas,TX
2741,Dallas,TX
2742,Dallas,TX
2743,Dallas,TX
2744,Dallas,TX
2745,Dallas,TX
2746,Dallas,TX
2747,Dallas,TX
2748,Irving,TX
2749,Dallas,TX
2750,Dallas,TX
2751,Dallas,TX
2752,Irving,TX
2753,Irving,TX
2754,Dallas,TX
2755,Dallas,TX
2756,Dallas,TX
2757,Irving,TX
2758,Dallas,TX
2759,Dallas,TX
2760,Irving,TX
2761,Dallas,TX
2762,Dallas,TX
2763,Arlington,TX
2764,Dallas,TX
2765,Dallas,TX
2766,Dallas,TX
2767,Dallas,TX
2768,Irving,TX
2769,Dallas,TX
2770,Plano,TX
2771,Irving,TX
2772,Dallas,TX
2773,Dallas,TX
2774,Irving,TX
2775,Dallas,TX
2776,Irving,TX
2777,Dallas,TX
2778,Dallas,TX
2779,Dallas,TX
2780,Coppell,TX
2781,Dallas,TX
2782,Dallas,TX
2783,Plano,TX
2784,Irving,TX
2785,Dallas,TX
2786,Allen,TX
2787,Dallas,TX
2788,Dallas,TX
2789,Dallas,TX
2790,Dallas,TX
2791,Dallas,TX
2792,Plano,TX
2793,Dallas,TX
2794,Grand Prairie,TX
2795,Irving,TX
2796,Richardson,TX
2797,Dallas,TX
2798,Dallas,TX
2799,Dallas,TX
2800,Dallas,TX
2801,Dallas,TX
2802,Plano,TX
2803,Dallas,TX
2804,Dallas,TX
2805,Dallas,TX
2806,Dallas,TX
2807,Allen,TX
2808,Dallas,TX
2809,Dallas,TX
2810,Dallas,TX
2811,Dallas,TX
2812,Dallas,TX
2813,Dallas,TX
2814,Dallas,TX
2815,Dallas,TX
2816,Plano,TX
2817,Dallas,TX
2818,Irving,TX
2819,Dallas,TX
2820,Irving,TX
2821,Dallas,TX
2822,Arlington,TX
2823,Irving,TX
2824,Dallas,TX
2825,Dallas,TX
2826,Richardson,TX
2827,University Park,TX
2828,Plano,TX
2829,Irving,TX
2830,Carrollton,TX
2831,Irving,TX
2832,Addison,TX
2833,Dallas,TX
2834,Lewisville,TX
2835,Addison,TX
2836,Irving,TX
2837,Coppell,TX
2838,Dallas,TX
2839,Dallas,TX
2840,Dallas,TX
2841,Dallas,TX
2842,Coppell,TX
2843,Plano,TX
2844,Dallas,TX
2845,Plano,TX
2846,Grand Prairie,TX
2847,Plano,TX
2848,Irving,TX
2849,Dallas,TX
2850,Plano,TX
2851,Dallas,TX
2852,Dallas,TX
2853,Plano,TX
2854,Lewisville,TX
2855,Plano,TX
2856,Plano,TX
2857,Dallas,TX
2858,Dallas,TX
2859,Irving,TX
2860,Plano,TX
2861,Coppell,TX
2862,Irving,TX
2863,Addison,TX
2864,Irving,TX
2865,Plano,TX
2866,Dallas,TX
2867,Plano,TX
2868,Grapevine,TX
2869,Irving,TX
2870,Richardson,TX
2871,Dallas,TX
2872,Dallas,TX
2873,Dallas,TX
2874,Dallas,TX
2875,Plano,TX
2876,Addison,TX
2877,Richardson,TX
2878,Dallas,TX
2879,Dallas,TX
2880,Flower Mound,TX
2881,Irving,TX
2882,Dallas,TX
2883,Plano,TX
2884,Coppell,TX
2885,Plano,TX
2886,Dallas,TX
2887,Dallas,TX
2888,Dallas,TX
2889,Irving,TX
2890,Dallas,TX
2891,Dallas,TX
2892,Dallas,TX
2893,Dallas,TX
2894,Dallas,TX
2895,Plano,TX
2896,Arlington,TX
2897,Plano,TX
2898,Dallas,TX
2899,Dallas,TX
2900,Irving,TX
2901,Dallas,TX
2902,Dallas,TX
2903,Dallas,TX
2904,Richardson,TX
2905,Irving,TX
2906,Dallas,TX
2907,Richardson,TX
2908,Dallas,TX
2909,Irving,TX
2910,Irving,TX
2911,Addison,TX
2912,Dallas,TX
2913,Irving,TX
2914,Dallas,TX
2915,Dallas,TX
2916,Dallas,TX
2917,Irving,TX
2918,Dallas,TX
2919,Plano,TX
2920,Little Falls,NJ
2921,Irving,TX
2922,Plano,TX
2923,Dallas,TX
2924,Irving,TX
2925,Richardson,TX
2926,Dallas,TX
2927,Dallas,TX
2928,Richardson,TX
2929,Addison,TX
2930,Dallas,TX
2931,Dallas,TX
2932,Plano,TX
2933,Richardson,TX
2934,Dallas,TX
2935,Dallas,TX
2936,Dallas,TX
2937,Dallas,TX
2938,Dallas,TX
2939,Irving,TX
2940,Dallas,TX
2941,Dallas,TX
2942,Plano,TX
2943,Dallas,TX
2944,Dallas,TX
2945,Dallas,TX
2946,Plano,TX
2947,Plano,TX
2948,Dallas,TX
2949,Dallas,TX
2950,Plano,TX
2951,Irving,TX
2952,Addison,TX
2953,Irving,TX
2954,Dallas,TX
2955,Dallas,TX
2956,Dallas,TX
2957,Dallas,TX
2958,Addison,TX
2959,Irving,TX
2960,Dallas,TX
2961,Dallas,TX
2962,Richardson,TX
2963,Dallas,TX
2964,Dallas,TX
2965,Dallas,TX
2966,Coppell,TX
2967,Plano,TX
2968,Garland,TX
2969,Plano,TX
2970,Dallas,TX
2971,Dallas,TX
2972,Dallas,TX
2973,Dallas,TX
2974,Addison,TX
2975,Arlington,TX
2976,Dallas,TX
2977,Dallas,TX
2978,Grand Prairie,TX
2979,Irving,TX
2980,Dallas,TX
2981,Arlington,TX
2982,Irving,TX
2983,Dallas,TX
2984,Addison,TX
2985,Addison,TX
2986,Dallas,TX
2987,Dallas,TX
2988,Dallas,TX
2989,Irving,TX
2990,Dallas,TX
2991,Dallas,TX
2992,Dallas,TX
2993,Irving,TX
2994,Bedford,TX
2995,Irving,TX
2996,Dallas,TX
2997,Irving,TX
2998,Irving,TX
2999,Plano,TX
3000,Dallas,TX
3001,Dallas,TX
3002,Dallas,TX
3003,Irving,TX
3004,Richardson,TX
3005,Irving,TX
3006,Dallas,TX
3007,Highland Park,TX
3008,Plano,TX
3009,Coppell,TX
3010,Dallas,TX
3011,Plano,TX
3012,Irving,TX
3013,Addison,TX
3014,Dallas,TX
3015,Dallas,TX
3016,Irving,TX
3017,Dallas,TX
3018,Dallas,TX
3019,Dallas,TX
3020,Dallas,TX
3021,Addison,TX
3022,Dallas,TX
3023,Dallas,TX
3024,Dallas,TX
3025,San Jose,CA
3026,San Jose,CA
3027,Fremont,CA
3028,Campbell,CA
3029,Sunnyvale,CA
3030,Santa Clara,CA
3031,San Jose,CA
3032,Livermore,CA
3033,Scotts Valley,CA
3034,San Jose,CA
3035,San Jose,CA
3036,Redwood City,CA
3037,San Jose,CA
3038,Livermore,CA
3039,San Jose,CA
3040,Sunnyvale,CA
3041,Palo Alto,CA
3042,Mountain View,CA
3043,Palo Alto,CA
3044,San Jose,CA
3045,Mountain View,CA
3046,Santa Clara,CA
3047,Mountain View,CA
3048,San Jose,CA
3049,Santa Clara,CA
3050,Santa Clara,CA
3051,Sunnyvale,CA
3052,Sunnyvale,CA
3053,Sunnyvale,CA
3054,Sunnyvale,CA
3055,Santa Clara,CA
3056,Sunnyvale,CA
3057,Fremont,CA
3058,Sunnyvale,CA
3059,San Jose,CA
3060,San Jose,CA
3061,Menlo Park,CA
3062,San Jose,CA
3063,San Jose,CA
3064,Santa Clara,CA
3065,San Jose,CA
3066,Santa Clara,CA
3067,San Jose,CA
3068,Alviso,CA
3069,San Jose,CA
3070,Palo Alto,CA
3071,Sunnyvale,CA
3072,Fremont,CA
3073,San Jose,CA
3074,Sunnyvale,CA
3075,San Jose,CA
3076,San Jose,CA
3077,Santa Clara,CA
3078,Sunnyvale,CA
3079,Sunnyvale,CA
3080,Santa Clara,CA
3081,Redwood City,CA
3082,San Jose,CA
3083,Newark,CA
3084,Mountain View,CA
3085,San Jose,CA
3086,Sunnyvale,CA
3087,San Jose,CA
3088,Sunnyvale,CA
3089,Santa Clara,CA
3090,Santa Clara,CA
3091,San Jose,CA
3092,Santa Clara,CA
3093,Pleasanton,CA
3094,San Jose,CA
3095,Santa Clara,CA
3096,Sunnyvale,CA
3097,Fremont,CA
3098,Sunnyvale,CA
3099,Redwood City,CA
3100,San Jose,CA
3101,Sunnyvale,CA
3102,Mountain View,CA
3103,San Jose,CA
3104,Santa Clara,CA
3105,Santa Clara,CA
3106,San Jose,CA
3107,San Jose,CA
3108,Sunnyvale,CA
3109,San Jose,CA
3110,Santa Clara,CA
3111,San Jose,CA
3112,Santa Clara,CA
3113,Fremont,CA
3114,Fremont,CA
3115,Sunnyvale,CA
3116,Campbell,CA
3117,San Jose,CA
3118,Sunnyvale,CA
3119,Fremont,CA
3120,San Jose,CA
3121,San Jose,CA
3122,Santa Clara,CA
3123,Fremont,CA
3124,Milpitas,CA
3125,Sunnyvale,CA
3126,Sunnyvale,CA
3127,Santa Clara,CA
3128,Santa Clara,CA
3129,Sunnyvale,CA
3130,Sunnyvale,CA
3131,Menlo Park,CA
3132,Sunnyvale,CA
3133,Mountain View,CA
3134,Fremont,CA
3135,San Jose,CA
3136,Sunnyvale,CA
3137,San Jose,CA
3138,Sunnyvale,CA
3139,Mountain View,CA
3140,San Jose,CA
3141,San Jose,CA
3142,Redwood City,CA
3143,Sunnyvale,CA
3144,Sunnyvale,CA
3145,Pleasanton,CA
3146,San Jose,CA
3147,San Jose,CA
3148,San Jose,CA
3149,San Jose,CA
3150,Sunnyvale,CA
3151,Mountain View,CA
3152,Palo Alto,CA
3153,Sunnyvale,CA
3154,Sunnyvale,CA
3155,Palo Alto,CA
3156,Menlo Park,CA
3157,Sunnyvale,CA
3158,Palo Alto,CA
3159,San Jose,CA
3160,Pleasanton,CA
3161,Sunnyvale,CA
3162,Fremont,CA
3163,Palo Alto,CA
3164,San Jose,CA
3165,San Jose,CA
3166,Sunnyvale,CA
3167,Sunnyvale,CA
3168,Pleasanton,CA
3169,San Jose,CA
3170,San Jose,CA
3171,Livermore,CA
3172,San Jose,CA
3173,Palo Alto,CA
3174,Santa Clara,CA
3175,Milpitas,CA
3176,Santa Clara,CA
3177,San Jose,CA
3178,Palo Alto,CA
3179,Livermore,CA
3180,San Jose,CA
3181,Sunnyvale,CA
3182,Santa Clara,CA
3183,San Jose,CA
3184,Sunnyvale,CA
3185,Redwood City,CA
3186,Santa Clara,CA
3187,San Jose,CA
3188,Redwood City,CA
3189,Pleasanton,CA
3190,Sunnyvale,CA
3191,Fremont,CA
3192,Sunnyvale,CA
3193,Sunnyvale,CA
3194,Sunnyvale,CA
3195,San Jose,CA
3196,Santa Clara,CA
3197,San Jose,CA
3198,Fremont,CA
3199,Pleasanton,CA
3200,Santa Clara,CA
3201,San Jose,CA
3202,Santa Clara,CA
3203,Sunnyvale,CA
3204,San Jose,CA
3205,Sunnyvale,CA
3206,Sunnyvale,CA
3207,Morgan Hill,CA
3208,Cupertino,CA
3209,Sunnyvale,CA
3210,Palo Alto,CA
3211,West Menlo Park,CA
3212,Newark,CA
3213,Fremont,CA
3214,Menlo Park,CA
3215,Santa Clara,CA
3216,Santa Clara,CA
3217,Santa Clara,CA
3218,San Jose,CA
3219,San Jose,CA
3220,Pleasanton,CA
3221,San Jose,CA
3222,San Jose,CA
3223,Santa Clara,CA
3224,Santa Clara,CA
3225,San Jose,CA
3226,San Jose,CA
3227,San Jose,CA
3228,San Jose,CA
3229,Fremont,CA
3230,San Jose,CA
3231,Sunnyvale,CA
3232,San Jose,CA
3233,Santa Clara,CA
3234,Sunnyvale,CA
3235,San Jose,CA
3236,Santa Clara,CA
3237,Newark,CA
3238,Palo Alto,CA
3239,Milpitas,CA
3240,Sunnyvale,CA
3241,San Jose,CA
3242,San Jose,CA
3243,Mountain View,CA
3244,Mountain View,CA
3245,San Jose,CA
3246,Sunnyvale,CA
3247,Menlo Park,CA
3248,Newark,CA
3249,Sunnyvale,CA
3250,Sunnyvale,CA
3251,Sunnyvale,CA
3252,San Jose,CA
3253,Redwood City,CA
3254,Mountain View,CA
3255,Santa Clara,CA
3256,Redwood City,CA
3257,San Jose,CA
3258,San Jose,CA
3259,Pleasanton,CA
3260,Sunnyvale,CA
3261,San Jose,CA
3262,Sunnyvale,CA
3263,San Jose,CA
3264,Redwood City,CA
3265,San Jose,CA
3266,Cupertino,CA
3267,Pleasanton,CA
3268,Morgan Hill,CA
3269,Santa Clara,CA
3270,Cupertino,CA
3271,Santa Clara,CA
3272,Sunnyvale,CA
3273,Sunnyvale,CA
3274,Sunnyvale,CA
3275,San Jose,CA
3276,Sunnyvale,CA
3277,Sunnyvale,CA
3278,Santa Clara,CA
3279,Morgan Hill,CA
3280,San Jose,CA
3281,San Jose,CA
3282,San Jose,CA
3283,Sunnyvale,CA
3284,San Jose,CA
3285,Cupertino,CA
3286,San Jose,CA
3287,San Jose,CA
3288,Sunnyvale,CA
3289,Pleasanton,CA
3290,Santa Clara,CA
3291,San Jose,CA
3292,Sunnyvale,CA
3293,Fremont,CA
3294,Mountain View,CA
3295,Santa Clara,CA
3296,San Jose,CA
3297,Sunnyvale,CA
3298,San Jose,CA
3299,Santa Clara,CA
3300,Sunnyvale,CA
3301,San Jose,CA
3302,San Jose,CA
3303,Mountain View,CA
3304,Fremont,CA
3305,Palo Alto,CA
3306,Pleasanton,CA
3307,San Jose,CA
3308,San Jose,CA
3309,San Jose,CA
3310,Sunnyvale,CA
3311,San Jose,CA
3312,San Jose,CA
3313,Santa Clara,CA
3314,Mountain View,CA
3315,Santa Clara,CA
3316,Santa Clara,CA
3317,San Jose,CA
3318,Santa Clara,CA
3319,Palo Alto,CA
3320,Sunnyvale,CA
3321,San Jose,CA
3322,San Jose,CA
3323,Palo Alto,CA
3324,Sunnyvale,CA
3325,Sunnyvale,CA
3326,Santa Clara,CA
3327,Santa Clara,CA
3328,Santa Clara,CA
3329,San Jose,CA
3330,San Jose,CA
3331,San Jose,CA
3332,San Jose,CA
3333,San Jose,CA
3334,Santa Clara,CA
3335,Sunnyvale,CA
3336,Pleasanton,CA
3337,Santa Clara,CA
3338,Sunnyvale,CA
3339,Sunnyvale,CA
3340,San Jose,CA
3341,Palo Alto,CA
3342,San Jose,CA
3343,Sunnyvale,CA
3344,Milpitas,CA
3345,Santa Clara,CA
3346,Sunnyvale,CA
3347,San Jose,CA
3348,Belmont,CA
3349,Palo Alto,CA
3350,Mountain View,CA
3351,San Jose,CA
3352,Palo Alto,CA
3353,Milpitas,CA
3354,Sunnyvale,CA
3355,San Jose,CA
3356,Austin,TX
3357,Austin,TX
3358,Austin,TX
3359,Austin,TX
3360,Austin,TX
3361,Austin,TX
3362,Austin,TX
3363,Austin,TX
3364,Austin,TX
3365,Austin,TX
3366,Austin,TX
3367,Austin,TX
3368,Austin,TX
3369,Austin,TX
3370,Austin,TX
3371,Austin,TX
3372,Austin,TX
3373,Austin,TX
3374,Austin,TX
3375,Austin,TX
3376,Austin,TX
3377,Austin,TX
3378,Austin,TX
3379,Austin,TX
3380,Austin,TX
3381,Austin,TX
3382,Austin,TX
3383,Austin,TX
3384,Austin,TX
3385,Austin,TX
3386,Austin,TX
3387,Austin,TX
3388,Austin,TX
3389,Austin,TX
3390,Austin,TX
3391,Austin,TX
3392,Austin,TX
3393,Austin,TX
3394,Austin,TX
3395,Austin,TX
3396,Austin,TX
3397,Austin,TX
3398,Austin,TX
3399,Austin,TX
3400,Austin,TX
3401,Austin,TX
3402,Austin,TX
3403,Austin,TX
3404,Austin,TX
3405,Austin,TX
3406,Austin,TX
3407,Austin,TX
3408,Austin,TX
3409,Austin,TX
3410,Austin,TX
3411,Austin,TX
3412,Austin,TX
3413,Austin,TX
3414,Austin,TX
3415,Austin,TX
3416,Austin,TX
3417,Austin,TX
3418,Austin,TX
3419,Austin,TX
3420,Austin,TX
3421,Austin,TX
3422,Austin,TX
3423,Austin,TX
3424,Austin,TX
3425,Austin,TX
3426,Austin,TX
3427,Austin,TX
3428,Austin,TX
3429,Austin,TX
3430,Austin,TX
3431,Austin,TX
3432,Austin,TX
3433,Austin,TX
3434,Austin,TX
3435,Austin,TX
3436,Austin,TX
3437,Austin,TX
3438,Austin,TX
3439,Austin,TX
3440,Austin,TX
3441,Austin,TX
3442,Austin,TX
3443,Austin,TX
3444,Austin,TX
3445,Austin,TX
3446,Austin,TX
3447,Austin,TX
3448,Austin,TX
3449,Austin,TX
3450,Austin,TX
3451,Austin,TX
3452,Austin,TX
3453,Austin,TX
3454,Austin,TX
3455,Austin,TX
3456,Austin,TX
3457,Austin,TX
3458,Austin,TX
3459,Austin,TX
3460,Austin,TX
3461,Austin,TX
3462,Austin,TX
3463,Austin,TX
3464,Austin,TX
3465,Austin,TX
3466,Austin,TX
3467,Austin,TX
3468,Austin,TX
3469,Austin,TX
3470,Austin,TX
3471,Austin,TX
3472,Austin,TX
3473,Austin,TX
3474,Austin,TX
3475,Austin,TX
3476,Austin,TX
3477,Austin,TX
3478,Austin,TX
3479,Austin,TX
3480,Austin,TX
3481,Austin,TX
3482,Austin,TX
3483,Austin,TX
3484,Austin,TX
3485,Austin,TX
3486,Austin,TX
3487,Austin,TX
3488,Austin,TX
3489,Austin,TX
3490,Austin,TX
3491,Austin,TX
3492,Austin,TX
3493,Austin,TX
3494,Austin,TX
3495,Austin,TX
3496,Austin,TX
3497,Austin,TX
3498,Austin,TX
3499,Austin,TX
3500,Austin,TX
3501,Austin,TX
3502,Austin,TX
3503,Austin,TX
3504,Austin,TX
3505,Austin,TX
3506,Round Rock,TX
3507,Austin,TX
3508,Austin,TX
3509,Austin,TX
3510,Austin,TX
3511,Austin,TX
3512,Austin,TX
3513,Austin,TX
3514,Austin,TX
3515,Austin,TX
3516,Austin,TX
3517,Austin,TX
3518,Austin,TX
3519,Austin,TX
3520,Round Rock,TX
3521,Austin,TX
3522,Austin,TX
3523,Austin,TX
3524,Austin,TX
3525,Austin,TX
3526,Austin,TX
3527,Austin,TX
3528,Austin,TX
3529,Austin,TX
3530,Austin,TX
3531,Austin,TX
3532,Austin,TX
3533,Austin,TX
3534,Austin,TX
3535,Austin,TX
3536,Austin,TX
3537,Austin,TX
3538,Austin,TX
3539,Austin,TX
3540,Austin,TX
3541,Austin,TX
3542,Austin,TX
3543,Austin,TX
3544,Austin,TX
3545,Austin,TX
3546,Austin,TX
3547,Round Rock,TX
3548,Austin,TX
3549,Austin,TX
3550,Austin,TX
3551,Austin,TX
3552,Austin,TX
3553,Austin,TX
3554,Austin,TX
3555,Austin,TX
3556,Austin,TX
3557,Austin,TX
3558,Austin,TX
3559,Austin,TX
3560,Austin,TX
3561,Austin,TX
3562,Austin,TX
3563,Austin,TX
3564,Austin,TX
3565,Austin,TX
3566,Austin,TX
3567,Austin,TX
3568,Austin,TX
3569,Austin,TX
3570,Austin,TX
3571,Austin,TX
3572,Austin,TX
3573,Austin,TX
3574,Austin,TX
3575,Austin,TX
3576,Austin,TX
3577,Austin,TX
3578,Austin,TX
3579,Austin,TX
3580,Round Rock,TX
3581,Austin,TX
3582,Austin,TX
3583,Austin,TX
3584,Austin,TX
3585,Austin,TX
3586,Austin,TX
3587,Austin,TX
3588,Austin,TX
3589,Austin,TX
3590,Austin,TX
3591,Austin,TX
3592,Austin,TX
3593,Austin,TX
3594,Austin,TX
3595,Austin,TX
3596,Austin,TX
3597,Austin,TX
3598,Austin,TX
3599,Austin,TX
3600,Austin,TX
3601,Austin,TX
3602,Austin,TX
3603,Austin,TX
3604,Austin,TX
3605,Austin,TX
3606,Austin,TX
3607,Austin,TX
3608,Austin,TX
3609,Austin,TX
3610,Austin,TX
3611,Austin,TX
3612,Austin,TX
3613,Austin,TX
3614,Austin,TX
3615,Austin,TX
3616,Austin,TX
3617,Austin,TX
3618,Austin,TX
3619,Austin,TX
3620,Austin,TX
3621,Austin,TX
3622,Austin,TX
3623,Austin,TX
3624,Austin,TX
3625,Austin,TX
3626,Austin,TX
3627,Austin,TX
3628,Austin,TX
3629,Austin,TX
3630,Austin,TX
3631,Austin,TX
3632,Austin,TX
3633,Austin,TX
3634,Austin,TX
3635,Austin,TX
3636,Round Rock,TX
3637,Austin,TX
3638,Austin,TX
3639,Austin,TX
3640,Austin,TX
3641,Austin,TX
3642,Austin,TX
3643,Austin,TX
3644,Austin,TX
3645,Austin,TX
3646,Austin,TX
3647,Austin,TX
3648,Austin,TX
3649,Austin,TX
3650,Austin,TX
3651,Austin,TX
3652,Austin,TX
3653,Austin,TX
3654,Austin,TX
3655,Austin,TX
3656,Austin,TX
3657,Austin,TX
3658,Austin,TX
3659,Austin,TX
3660,Austin,TX
3661,Austin,TX
3662,Austin,TX
3663,Austin,TX
3664,Austin,TX
3665,Austin,TX
3666,Austin,TX
3667,Austin,TX
3668,Austin,TX
3669,Austin,TX
3670,Austin,TX
3671,Austin,TX
3672,Austin,TX
3673,Austin,TX
3674,Austin,TX
3675,Austin,TX
3676,Austin,TX
3677,Austin,TX
3678,Austin,TX
3679,Austin,TX
3680,Austin,TX
3681,Austin,TX
3682,Austin,TX
3683,Austin,TX
3684,Austin,TX
3685,Austin,TX
3686,Austin,TX
3687,Austin,TX
3688,Austin,TX
3689,Austin,TX
3690,Austin,TX
3691,Austin,TX
3692,10000+ employees,
3693,10000+ employees,
3694,10000+ employees,
3695,201 to 500 employees,
3696,501 to 1000 employees,
3697,1 to 50 employees,
3698,1001 to 5000 employees,
3699,1001 to 5000 employees,
3700,10000+ employees,
3701,1 to 50 employees,
3702,1001 to 5000 employees,
3703,501 to 1000 employees,
3704,1 to 50 employees,
3705,10000+ employees,
3706,1001 to 5000 employees,
3707,501 to 1000 employees,
3708,51 to 200 employees,
3709,51 to 200 employees,
3710,1001 to 5000 employees,
3711,1 to 50 employees,
3712,1001 to 5000 employees,
3713,10000+ employees,
3714,51 to 200 employees,
3715,1001 to 5000 employees,
3716,51 to 200 employees,
3717,5001 to 10000 employees,
3718,51 to 200 employees,
3719,10000+ employees,
3720,10000+ employees,
3721,501 to 1000 employees,
3722,51 to 200 employees,
3723,1 to 50 employees,
3724,10000+ employees,
3725,5001 to 10000 employees,
3726,51 to 200 employees,
3727,1001 to 5000 employees,
3728,201 to 500 employees,
3729,10000+ employees,
3730,1 to 50 employees,
3731,51 to 200 employees,
3732,201 to 500 employees,
3733,51 to 200 employees,
3734,5001 to 10000 employees,
3735,201 to 500 employees,
3736,51 to 200 employees,
3737,51 to 200 employees,
3738,10000+ employees,
3739,1001 to 5000 employees,
3740,Unknown,
3741,51 to 200 employees,
3742,51 to 200 employees,
3743,1001 to 5000 employees,
3744,51 to 200 employees,
3745,201 to 500 employees,
3746,1 to 50 employees,
3747,10000+ employees,
3748,51 to 200 employees,
3749,1001 to 5000 employees,
3750,10000+ employees,
3751,51 to 200 employees,
3752,1001 to 5000 employees,
3753,10000+ employees,
3754,51 to 200 employees,
3755,10000+ employees,
3756,10000+ employees,
3757,51 to 200 employees,
3758,10000+ employees,
3759,1 to 50 employees,
3760,10000+ employees,
3761,10000+ employees,
3762,51 to 200 employees,
3763,1001 to 5000 employees,
3764,51 to 200 employees,
3765,201 to 500 employees,
3766,201 to 500 employees,
3767,1001 to 5000 employees,
3768,10000+ employees,
3769,51 to 200 employees,
3770,1 to 50 employees,
3771,10000+ employees,
3772,51 to 200 employees,
3773,501 to 1000 employees,
3774,201 to 500 employees,
3775,10000+ employees,
3776,51 to 200 employees,
3777,10000+ employees,
3778,1001 to 5000 employees,
3779,51 to 200 employees,
3780,1001 to 5000 employees,
3781,501 to 1000 employees,
3782,10000+ employees,
3783,5001 to 10000 employees,
3784,51 to 200 employees,
3785,10000+ employees,
3786,51 to 200 employees,
3787,1001 to 5000 employees,
3788,1001 to 5000 employees,
3789,1001 to 5000 employees,
3790,10000+ employees,
3791,51 to 200 employees,
3792,51 to 200 employees,
3793,10000+ employees,
3794,1001 to 5000 employees,
3795,10000+ employees,
3796,51 to 200 employees,
3797,51 to 200 employees,
3798,10000+ employees,
3799,10000+ employees,
3800,201 to 500 employees,
3801,51 to 200 employees,
3802,5001 to 10000 employees,
3803,10000+ employees,
3804,51 to 200 employees,
3805,10000+ employees,
3806,1 to 50 employees,
3807,1 to 50 employees,
3808,51 to 200 employees,
3809,10000+ employees,
3810,10000+ employees,
3811,10000+ employees,
3812,10000+ employees,
3813,1 to 50 employees,
3814,201 to 500 employees,
3815,5001 to 10000 employees,
3816,10000+ employees,
3817,5001 to 10000 employees,
3818,51 to 200 employees,
3819,51 to 200 employees,
3820,51 to 200 employees,
3821,10000+ employees,
3822,10000+ employees,
3823,1001 to 5000 employees,
3824,51 to 200 employees,
3825,5001 to 10000 employees,
3826,1001 to 5000 employees,
3827,201 to 500 employees,
3828,10000+ employees,
3829,10000+ employees,
3830,10000+ employees,
3831,51 to 200 employees,
3832,5001 to 10000 employees,
3833,,
3834,5001 to 10000 employees,
3835,51 to 200 employees,
3836,10000+ employees,
3837,10000+ employees,
3838,5001 to 10000 employees,
3839,10000+ employees,
3840,10000+ employees,
3841,10000+ employees,
3842,10000+ employees,
3843,10000+ employees,
3844,1 to 50 employees,
3845,10000+ employees,
3846,5001 to 10000 employees,
3847,501 to 1000 employees,
3848,1 to 50 employees,
3849,1001 to 5000 employees,
3850,5001 to 10000 employees,
3851,,
3852,10000+ employees,
3853,10000+ employees,
3854,51 to 200 employees,
3855,10000+ employees,
3856,51 to 200 employees,
3857,201 to 500 employees,
3858,10000+ employees,
3859,5001 to 10000 employees,
3860,51 to 200 employees,
3861,1 to 50 employees,
3862,51 to 200 employees,
3863,51 to 200 employees,
3864,10000+ employees,
3865,51 to 200 employees,
3866,51 to 200 employees,
3867,51 to 200 employees,
3868,51 to 200 employees,
3869,1 to 50 employees,
3870,10000+ employees,
3871,201 to 500 employees,
3872,10000+ employees,
3873,201 to 500 employees,
3874,10000+ employees,
3875,1001 to 5000 employees,
3876,1001 to 5000 employees,
3877,51 to 200 employees,
3878,1001 to 5000 employees,
3879,10000+ employees,
3880,201 to 500 employees,
3881,10000+ employees,
3882,51 to 200 employees,
3883,10000+ employees,
3884,201 to 500 employees,
3885,10000+ employees,
3886,51 to 200 employees,
3887,201 to 500 employees,
3888,1001 to 5000 employees,
3889,1 to 50 employees,
3890,1001 to 5000 employees,
3891,10000+ employees,
3892,1001 to 5000 employees,
3893,51 to 200 employees,
3894,10000+ employees,
3895,10000+ employees,
3896,10000+ employees,
3897,10000+ employees,
3898,501 to 1000 employees,
3899,1 to 50 employees,
3900,10000+ employees,
3901,1001 to 5000 employees,
3902,51 to 200 employees,
3903,10000+ employees,
3904,10000+ employees,
3905,10000+ employees,
3906,501 to 1000 employees,
3907,1 to 50 employees,
3908,Unknown,
3909,1 to 50 employees,
3910,10000+ employees,
3911,,
3912,10000+ employees,
3913,10000+ employees,
3914,1001 to 5000 employees,
3915,,
3916,1 to 50 employees,
3917,1001 to 5000 employees,
3918,1001 to 5000 employees,
3919,10000+ employees,
3920,51 to 200 employees,
3921,51 to 200 employees,
3922,,
3923,51 to 200 employees,
3924,,
3925,1001 to 5000 employees,
3926,10000+ employees,
3927,201 to 500 employees,
3928,501 to 1000 employees,
3929,1001 to 5000 employees,
3930,10000+ employees,
3931,51 to 200 employees,
3932,1001 to 5000 employees,
3933,1 to 50 employees,
3934,10000+ employees,
3935,1001 to 5000 employees,
3936,1001 to 5000 employees,
3937,10000+ employees,
3938,10000+ employees,
3939,51 to 200 employees,
3940,10000+ employees,
3941,1001 to 5000 employees,
3942,10000+ employees,
3943,10000+ employees,
3944,10000+ employees,
3945,1 to 50 employees,
3946,10000+ employees,
3947,10000+ employees,
3948,501 to 1000 employees,
3949,10000+ employees,
3950,51 to 200 employees,
3951,1001 to 5000 employees,
3952,10000+ employees,
3953,10000+ employees,
3954,10000+ employees,
3955,5001 to 10000 employees,
3956,501 to 1000 employees,
3957,10000+ employees,
3958,1 to 50 employees,
3959,51 to 200 employees,
3960,5001 to 10000 employees,
3961,,
3962,1 to 50 employees,
3963,Unknown,
3964,1 to 50 employees,
3965,1 to 50 employees,
3966,,
3967,10000+ employees,
3968,10000+ employees,
3969,51 to 200 employees,
3970,10000+ employees,
3971,1001 to 5000 employees,
3972,51 to 200 employees,
3973,10000+ employees,
3974,,
3975,1001 to 5000 employees,
3976,1 to 50 employees,
3977,1001 to 5000 employees,
3978,201 to 500 employees,
3979,1001 to 5000 employees,
3980,10000+ employees,
3981,1001 to 5000 employees,
3982,51 to 200 employees,
3983,5001 to 10000 employees,
3984,10000+ employees,
3985,51 to 200 employees,
3986,501 to 1000 employees,
3987,10000+ employees,
3988,,
3989,10000+ employees,
3990,10000+ employees,
3991,1001 to 5000 employees,
3992,51 to 200 employees,
3993,1001 to 5000 employees,
3994,10000+ employees,
3995,,
3996,1001 to 5000 employees,
3997,,
3998,10000+ employees,
3999,,
4000,201 to 500 employees,
4001,10000+ employees,
4002,10000+ employees,
4003,1001 to 5000 employees,
4004,,
4005,1001 to 5000 employees,
4006,501 to 1000 employees,
4007,1001 to 5000 employees,
4008,10000+ employees,
4009,,
4010,1001 to 5000 employees,
4011,10000+ employees,
4012,1001 to 5000 employees,
4013,201 to 500 employees,
4014,51 to 200 employees,
4015,10000+ employees,
4016,201 to 500 employees,
4017,201 to 500 employees,
4018,201 to 500 employees,
4019,,
4020,1001 to 5000 employees,
4021,1001 to 5000 employees,
4022,5001 to 10000 employees,
4023,51 to 200 employees,
4024,10000+ employees,
4025,Unknown,
4026,5001 to 10000 employees,
4027,501 to 1000 employees,
4028,10000+ employees,
4029,10000+ employees,
4030,1001 to 5000 employees,
4031,10000+ employees,
4032,10000+ employees,
4033,1001 to 5000 employees,
4034,10000+ employees,
4035,,
4036,,
4037,1 to 50 employees,
4038,201 to 500 employees,
4039,10000+ employees,
4040,1001 to 5000 employees,
4041,,
4042,51 to 200 employees,
4043,,
4044,,
4045,10000+ employees,
4046,10000+ employees,
4047,1001 to 5000 employees,
4048,10000+ employees,
4049,1001 to 5000 employees,
4050,1001 to 5000 employees,
4051,1 to 50 employees,
4052,51 to 200 employees,
4053,10000+ employees,
4054,,
4055,201 to 500 employees,
4056,201 to 500 employees,
4057,1001 to 5000 employees,
4058,1001 to 5000 employees,
4059,5001 to 10000 employees,
4060,51 to 200 employees,
4061,51 to 200 employees,
4062,1001 to 5000 employees,
4063,10000+ employees,
4064,51 to 200 employees,
4065,10000+ employees,
4066,51 to 200 employees,
4067,1001 to 5000 employees,
4068,,
4069,10000+ employees,
4070,1 to 50 employees,
4071,10000+ employees,
4072,51 to 200 employees,
4073,1001 to 5000 employees,
4074,1001 to 5000 employees,
4075,1001 to 5000 employees,
4076,10000+ employees,
4077,10000+ employees,
4078,1001 to 5000 employees,
4079,501 to 1000 employees,
4080,10000+ employees,
4081,201 to 500 employees,
4082,501 to 1000 employees,
4083,10000+ employees,
4084,10000+ employees,
4085,10000+ employees,
4086,5001 to 10000 employees,
4087,10000+ employees,
4088,501 to 1000 employees,
4089,10000+ employees,
4090,1001 to 5000 employees,
4091,5001 to 10000 employees,
